filem_name,cast1,cast2,cast3,cast4,cast5,cast6,cast7,cast8,cast9,five_total_missing,all_total_missing,sum_of_first_five
The Grudge,8260,20867,9737,6259,2398,6816,20867,20867,8265,1,3,47521
Like a Boss,9630,9667,9758,9447,7745,54899,54899,54899,8652,0,3,46247
Bad Boys for Life,9986,9826,9307,28149,8657,3318,9003,6201,28149,1,2,65925
Dolittle,31632,9813,9205,8624,6493,31632,9845,9637,9648,1,2,65767
The Gentlemen,9881,9163,8833,3761,25382,9844,9283,25382,25382,1,3,57020
The Turning,3796,9020,8180,13472,5948,13472,13472,13472,13472,1,5,40416
The Last Full Measure,9950,9259,9587,9381,9999,7755,9108,9458,74497,0,1,48176
The Rhythm Section,9451,9894,8678,3692,3828,5248,5471,46262,46262,0,2,35543
Gretel & Hansel,6873,8539,5756,5756,1858,5756,5756,5756,5756,2,6,28782
The Lodge,7931,8962,8854,7904,8578,42229,42229,42229,42229,0,4,42229
Sonic the Hedgehog,9296,9970,9190,8178,25107,6362,25107,7219,25107,1,3,61741
Downhill,9936,8560,8610,5041,8771,43216,43216,2298,43216,0,3,40918
The Call of the Wild,9994,8016,25943,9973,9671,7755,6477,25943,25943,1,3,63597
Brahms: The Boy II,7526,6700,6701,6702,13814,13814,13814,13814,13814,1,5,41443
The Invisible Man,8412,8204,8967,8653,18953,3671,18953,18953,18953,1,4,53189
Onward,9963,9989,8560,9657,8888,9234,9091,8168,73550,0,1,47057
The Burnt Orange Heresy,5847,9670,4165,9351,14516,14516,14516,14516,14516,1,5,43549
First Cow,7852,16637,6368,7280,5428,16637,6346,16637,16637,1,4,43565
Bloodshot,9985,9680,22251,7807,9004,22251,8026,22251,22251,1,4,58727
I Still Believe,6591,8636,7987,8734,7987,7987,7987,7987,7987,2,6,39935
The Roads Not Taken,9724,9403,9758,18775,8666,18775,18775,18775,18775,1,5,56326
Insidious: The Last Key,8265,3562,7078,7078,3005,7078,6402,7078,7078,2,5,28988
The Commuter,9965,9493,9653,4103,9155,8810,9383,70499,9937,0,1,42369
Proud Mary,9631,13888,13888,7219,8561,4369,13888,2131,9755,2,3,53187
12 Strong,9991,9594,21741,9410,8777,3065,21741,21741,2646,1,3,59513
Den of Thieves,9852,7837,17365,8372,2549,17365,6120,17365,17365,1,4,45975
Forever My Girl,6892,8612,6965,6965,5391,6965,6965,6965,6965,2,6,34825
Maze Runner: The Death Cure,30456,9219,9298,9448,8877,6791,9278,30456,8002,1,2,67298
A Fantastic Woman,5778,1873,5364,5122,5122,5122,5122,5122,2351,2,5,23259
Fifty Shades Freed,9597,9452,2863,19996,4075,19996,5883,8122,19996,1,3,45983
The 15:17 to Paris,7588,7589,7590,8984,3944,7329,43024,43024,43024,0,3,35695
Black Panther,9976,9832,9911,9938,9899,9794,9937,5189,9863,0,0,49556
Early Man,9647,9947,7481,24730,7244,7600,7541,24730,24730,1,3,59049
The Party,6426,5618,6071,9175,8844,9115,7244,52493,52493,0,2,36134
Black '47,8703,4751,2713,17912,8879,17912,2154,8624,17912,1,3,42958
Samson,6180,6930,13309,6181,7328,13309,13309,13309,13309,1,5,39928
Game Night,9825,9833,8795,4455,6636,8026,6577,9056,7114,0,0,39544
Annihilation,9928,9009,9354,9565,7508,9885,9912,7324,72485,0,1,45364
Every Day,7772,6316,4931,6247,6316,6316,6316,6316,6316,2,6,31582
Red Sparrow,9968,9513,8823,7374,7997,59277,9654,5948,59277,0,2,43675
Death Wish,9978,8584,9068,4032,8334,7587,8402,55985,55985,0,2,39996
A Wrinkle in Time,8653,8856,9895,9710,9674,75355,9830,9900,8837,0,1,46788
Gringo,8804,9858,9513,9762,9322,8958,62641,6424,62641,0,2,47259
Thoroughbreds,9101,8388,9550,1781,14410,14410,14410,14410,14410,1,5,43230
The Death of Stalin,9729,8260,27969,7579,8114,27969,7336,7856,7064,1,2,61651
The Strangers: Prey at Night,9549,7862,7918,8443,8443,8443,8443,8443,8443,2,6,42215
The Hurricane Heist,9004,9378,6908,6702,15996,15996,15996,15996,15996,1,5,47988
Tomb Raider,9375,6204,9278,6145,9115,40117,40117,40117,40117,0,4,40117
"Love, Simon",8379,9106,9703,9518,8963,8325,8483,3345,65822,0,1,45669
I Can Only Imagine,8447,6992,9866,6594,9240,3015,44154,44154,44154,0,3,41139
7 Days in Entebbe,10713,9369,7296,4181,10713,5612,10713,10713,5681,2,4,42272
Flower,8458,9166,4822,8185,5976,2694,39301,39301,39301,0,3,36607
Isle of Dogs,9417,35604,9997,9904,8370,9711,8798,7476,7535,1,1,73292
Sherlock Gnomes,9857,9836,9774,9707,9803,8512,7802,8786,7855,0,0,48977
Unsane,7204,9067,7265,4800,4810,38168,38168,38168,5022,0,3,33146
"Paul, Apostle of Christ",7357,6962,7012,8099,7357,7357,7357,7357,7357,2,6,36787
Final Portrait,9851,9473,17797,9308,6962,17797,17797,17797,17797,1,5,53391
Midnight Sun,7815,6731,7990,9366,9366,9366,9366,9366,5562,2,5,41268
Ready Player One,9197,9101,9839,9091,9704,9891,9124,8842,8841,0,0,46932
God's Not Dead: A Light in Darkness,8256,9327,8155,6720,25808,7769,5509,5881,25808,1,2,58266
Gemini,5872,9519,9737,4932,9519,5854,9519,9519,2163,2,4,39579
A Quiet Place,9836,9407,5413,11354,11354,11354,11354,11354,9407,2,5,47364
Blockers,9523,9456,9648,8772,8190,8151,4667,58407,58407,0,2,45589
Chappaquiddick,9233,8559,9782,8762,5496,7224,8954,58010,58010,0,2,41832
Beirut,9698,9369,8334,10461,10461,3984,10461,10461,10461,2,5,48323
The Seagull,9398,9759,9302,5779,8412,7630,8572,58852,58852,0,2,42650
Rampage,9984,9488,9379,8920,7290,9201,7443,7784,69489,0,1,45061
Super Troopers 2,8031,8154,8030,8029,8032,6459,62561,9245,6581,0,1,40276
Traffik,9399,8989,8028,14804,14804,14804,8717,9280,14804,2,4,56024
Avengers: Infinity War,39930,9991,9972,9976,9983,9990,9993,9989,9966,1,1,79852
Disobedience,9789,9833,9078,9566,9566,9566,9566,9566,9566,2,6,47832
Overboard,9309,9735,6341,3096,18324,18324,8168,18324,18324,1,4,46805
Tully,9858,3796,6220,7493,13683,13683,13683,13683,13683,1,5,41050
Deadpool 2,9932,9972,9358,9360,9432,6222,9357,9704,9340,0,0,48054
Book Club,9772,9593,8931,9279,9769,9752,8578,4409,70083,0,1,47344
First Reformed,9622,9762,9703,9727,9703,9703,9703,9703,9703,2,6,48517
Show Dogs,9793,9326,35807,9555,8071,8491,7777,8943,9658,1,1,72552
Solo: A Star Wars Story,9203,9462,9733,9889,9719,9322,9945,9141,9896,0,0,48006
How to Talk to Girls at Parties,9403,3780,9897,8515,7802,39397,39397,39397,39397,0,4,39397
American Animals,8879,8269,5932,6300,4169,4704,38253,38253,38253,0,3,33549
Ocean's 8,9959,9875,9892,9786,9710,8849,9633,9446,7904,0,0,49222
Hereditary,9468,8821,8555,4169,7812,38825,38825,38825,38825,0,4,38825
Hotel Artemis,9785,8678,9439,9711,9059,9602,9692,9635,9957,0,0,46672
Superfly,7089,9019,5102,8283,1751,37286,6042,37286,37286,0,3,31244
Incredibles 2,9769,9798,9770,9656,9999,7334,9242,65568,65568,0,2,48992
Tag,9782,9698,9980,9370,9043,9639,9646,8291,6489,0,0,47873
On Chesil Beach,9398,5779,7504,6311,14496,14496,14496,14496,14496,1,5,43488
Gotti,9942,21260,6238,6775,2040,21260,8737,21260,8789,1,3,46255
Jurassic World: Fallen Kingdom,9989,9743,9711,22686,5484,7280,22686,3166,22686,1,3,57613
Boundaries,9493,9259,6083,9028,8744,7013,9491,4626,9464,0,0,42607
Damsel,9887,9029,8881,8881,7729,8881,8881,8881,8881,2,6,44407
Sicario: Day of the Soldado,9797,9972,6969,23932,9242,23932,7900,3984,23932,1,3,59912
Leave No Trace,8978,8579,6875,3070,6875,6875,6875,6875,6875,2,6,34377
Uncle Drew,7780,8459,9277,7777,7778,7775,7781,7776,7779,0,0,41071
Woman Walks Ahead,9450,3538,8673,9521,8673,8673,3510,8673,8673,2,5,39855
Sorry to Bother You,26066,9565,6959,8352,9340,26066,26066,9755,8162,1,3,60282
Hotel Transylvania 3: Summer Vacation,9977,9722,9677,9877,8898,9729,9038,9814,9893,0,0,48151
Skyscraper,9984,9500,7760,11693,11693,11693,7837,11693,11693,2,5,50630
"Don't Worry, He Won't Get Far on Foot",9694,9859,9208,9924,3501,46890,46890,4704,46890,0,3,42186
Shock and Awe,9889,9296,7120,9512,9319,9902,65474,3316,7120,0,1,45136
Mamma Mia! Here We Go Again,9762,9529,9831,9807,38516,9925,9713,9716,8750,1,1,77445
The Equalizer 2,9954,8536,7532,9530,6588,2277,44417,44417,44417,0,3,42140
Blindspotting,9169,6136,10147,10147,8328,6808,10147,10147,10147,2,5,43927
Puzzle,9211,8038,8508,8508,8276,8508,8508,8508,8508,2,6,42541
Christopher Robin,9951,9013,14225,14225,8326,14225,14225,7280,8105,2,4,55740
The Darkest Minds,8380,9486,7755,6728,27728,6734,6706,27728,9668,1,2,60077
The Spy Who Dumped Me,9661,9355,8558,7807,7391,57547,3030,7118,4627,0,1,42772
Never Goin' Back,3588,4032,5025,4215,4215,4215,4215,4215,4215,2,6,21075
Dog Days,7222,9307,6362,6341,9142,6338,8220,6466,9020,0,0,38374
BlacKkKlansman,8667,9935,15448,9220,15448,9061,2295,15448,7167,2,3,58718
Slender Man,9292,12750,7396,7722,12750,12750,7438,12750,6404,2,4,49910
Crazy Rich Asians,9293,9283,7263,9627,30580,9633,6708,9353,30580,1,2,66046
Mile 22,9961,8319,8315,9649,8358,54564,54564,9962,54564,0,3,44602
The Wife,9783,9097,8907,11704,11704,7327,11704,11704,11704,2,5,51195
"Juliet, Naked",9622,9667,9136,11675,11675,11675,6602,11675,11675,2,5,51775
The Happytime Murders,9800,9775,9636,18443,7676,18443,18443,18443,18443,1,5,55330
Papillon,9163,9637,7014,7014,2242,7014,7014,7014,7014,2,6,35070
Operation Finale,9885,9855,11283,11283,9277,11283,4834,11283,11283,2,5,51583
Kin,6251,9299,14429,8113,14429,14429,9866,9760,14429,2,4,52521
Peppermint,9703,6066,6066,2463,6034,6066,6066,6066,6066,2,6,30332
The Predator,7963,8777,9303,9893,8658,8878,8468,8678,70618,0,1,44594
White Boy Rick,9881,7233,5680,9009,9059,56700,8542,56700,7296,0,2,40862
A Simple Favor,9746,9451,9283,9119,22589,22589,22589,22589,7579,1,4,60188
The Children Act,9845,9055,9658,7591,18074,18074,18074,18074,18074,1,5,54223
Unbroken: Path to Redemption,6299,6780,8239,6780,5802,6780,6780,6780,6780,2,6,33900
Life Itself,9885,9318,9813,9759,8977,8144,9101,68038,3041,0,1,47752
The Sisters Brothers,9787,9694,9808,9726,27255,27255,7328,8167,27255,1,3,66270
Assassination Nation,5785,5826,5772,9254,27063,7815,7676,8867,3131,1,1,53700
Colette,9886,6204,3067,2300,8219,29676,29676,29676,29676,0,4,29676
Smallfoot,9917,9578,9823,9046,8919,9853,9354,7840,74330,0,1,47283
Night School,9943,9630,7990,22749,9088,8848,22749,22749,22749,1,4,59400
The Old Man & the Gun,9882,9170,7042,9755,7393,8178,59277,59277,7857,0,2,43242
Venom,9790,9723,9726,3343,2128,9602,3174,9889,57375,0,1,34710
A Star Is Born,9995,9185,8466,29603,6948,7429,7387,9796,29603,1,2,64197
The Hate U Give,8380,9742,25903,6591,9883,25903,9046,8164,25903,1,3,60499
The Happy Prince,9096,9807,7504,6240,22105,9554,22105,2009,22105,1,3,54752
First Man,9734,7204,9233,8795,9302,6517,5446,56231,56231,0,2,44268
Bad Times at the El Royale,9850,8630,9698,9597,6979,63414,9991,8669,63414,0,2,44754
Goosebumps 2: Haunted Halloween,7884,7883,9276,7882,4019,9353,46297,46297,46297,0,3,36944
Beautiful Boy,9971,19017,2748,7771,6603,7225,19017,3717,19017,1,3,46110
The Oath,9456,9630,15053,3604,15053,2597,3501,6636,9737,2,2,52796
Can You Ever Forgive Me?,9800,8073,4626,7726,18671,7118,18671,18671,18671,1,4,48896
Wildlife,9001,9808,8826,7879,8273,52218,52218,52218,8431,0,3,43787
What They Had,9437,9594,7729,9651,6293,8944,55969,55969,4321,0,2,42704
Hunter Killer,9852,9455,9046,9186,9537,47076,47076,47076,47076,0,4,47076
Johnny English Strikes Again,9693,17342,9845,7856,7290,17342,17342,17342,17342,1,5,52026
Tyler Perry's A Madea Family Funeral,9795,8791,8340,8339,30140,8342,8337,30140,8336,1,2,65405
Suspiria,9597,9768,6606,5868,15919,15919,15919,15919,15919,1,5,47758
Bohemian Rhapsody,9637,5997,12840,12840,6169,6791,12840,12840,9927,2,4,47483
The Nutcracker and the Four Realms,9886,8072,26665,9939,9309,8073,8052,26665,26665,1,3,63871
Nobody's Fool,9630,8178,8352,9664,6662,7791,8717,58994,58994,0,2,42486
Boy Erased,6745,9897,9513,9870,23394,5952,4811,23394,23394,1,3,59419
A Private War,9369,9452,9493,9658,9493,9493,9493,9493,9493,2,6,47465
Bodied,4012,4007,4010,4008,4015,4013,4009,4011,8631,0,0,20052
The Front Runner,9960,9493,8394,8356,22123,22123,22123,8044,22123,1,4,58326
The Girl in the Spider's Web,7204,13861,4503,13861,8543,13861,8786,6701,5847,2,3,47972
Overlord,7149,7353,15105,15105,7852,7150,7147,15105,8665,2,3,52564
Fantastic Beasts: The Crimes of Grindelwald,9647,9562,9531,9458,9676,76711,9894,9988,8955,0,1,47874
Widows,9740,9844,9847,9670,8630,9059,9794,6849,9400,0,0,47731
Instant Family,9961,9667,9657,6969,6336,67198,8253,7661,8694,0,1,42590
Ralph Breaks the Internet,9787,9517,9815,9631,9289,9238,9854,8356,9050,0,0,48039
Green Book,9860,8991,9537,7368,21770,21770,7784,21770,21770,1,4,57526
Robin Hood,9679,9872,9839,24048,9452,9254,24048,24048,24048,1,4,62890
The Favourite,7797,9789,9824,9156,5952,42518,42518,42518,42518,0,4,42518
Capernaum,5047,5460,5460,5667,5668,5460,5460,5460,5460,2,6,27302
Mary Queen of Scots,9398,9779,5119,5952,6036,9680,9627,4953,60544,0,1,36284
Ben Is Back,9949,6745,8575,8772,19859,19859,19859,19859,5678,1,4,53900
Spider-Man: Into the Spider-Verse,9128,9370,9697,8991,9059,9161,64464,64464,9058,0,2,46245
Escape Room,8472,8483,8094,8101,8093,47387,47387,47387,6144,0,3,41243
A Dog's Way Home,9506,2030,6682,8325,26150,7886,8129,9743,26150,1,2,52693
The Upside,9943,9417,9897,14198,14198,14198,5917,14198,7421,2,4,57653
Glass,9978,9857,9999,8849,8388,52650,52650,52650,5579,0,3,47071
The Kid Who Would Be King,6911,9613,9842,18171,6910,18171,18171,3067,18171,1,4,51447
Serenity,9881,9892,9233,9705,9660,3761,52132,52132,52132,0,3,48371
Miss Bala,9354,8379,9883,1866,8379,8379,8379,8379,4036,2,5,37861
Piercing,5446,9029,3041,4402,10959,10959,10959,10959,10959,1,5,32877
What Men Want,9631,9573,8967,9276,4105,50414,50414,50414,8862,0,3,41552
Isn't It Romantic,9695,8948,8613,19851,6259,19851,6187,19851,19851,1,4,53366
Happy Death Day 2U,8612,8166,14685,8781,14685,14685,8068,2364,8066,2,3,54929
Alita: Battle Angel,8877,9629,8497,8991,9328,8936,9268,8481,72007,0,1,45322
How to Train Your Dragon: The Hidden World,9730,9218,9254,9875,9852,9528,9859,9580,9838,0,0,47929
Captain Marvel,9888,9999,9839,9660,9511,9509,9627,9510,9894,0,0,48897
The Kid,9622,8689,5626,5625,6884,9989,46435,46435,46435,0,3,36446
Wonder Park,9703,9828,9641,9661,8736,9353,7848,7849,72619,0,1,47569
Captive State,9874,7532,24073,9493,8054,2163,2384,8647,24073,1,2,59026
The Aftermath,9886,8024,9233,4953,8024,8024,8024,8024,8024,2,6,40120
Five Feet Apart,7899,9131,5862,19419,8062,7885,19419,19419,19419,1,4,50373
Triple Threat,7472,8315,17533,3759,8058,3730,3733,17533,17533,1,3,45137
Us,9911,5189,8412,4822,9464,47410,47410,9612,47410,0,3,37798
Hotel Mumbai,9473,9377,7578,6538,8495,8114,49575,49575,49575,0,3,41461
Dumbo,9844,9846,9853,9665,9429,48637,48637,48637,48637,0,4,48637
The Beach Bum,9881,9423,9646,19485,19485,9821,9826,9859,19485,2,3,67920
Shazam!,9445,9271,17784,7192,9660,17784,17784,17784,17784,1,5,53352
Pet Sematary,9233,5439,8836,7836,7836,7836,7836,7836,7836,2,6,39180
The Best of Enemies,9631,9521,20177,6075,6353,8775,20177,20177,20177,1,4,51757
High Life,9887,9174,8555,6606,8555,8555,8555,8555,8555,2,6,42777
Little,9742,8164,8414,14088,14088,6338,14088,9607,14088,2,4,54496
Missing Link,9960,9830,9990,15462,15462,7802,8806,15462,15462,2,4,60704
Her Smell,8412,4239,9467,9671,9435,59024,6788,8318,2694,0,1,41224
Breakthrough,7717,8944,9220,7716,9224,50540,50540,7719,50540,0,3,42821
The Curse of La Llorona,9537,14248,14248,8045,8046,8124,8994,14248,14248,2,4,54124
Under the Silver Lake,9617,7931,9220,17365,2987,17365,4976,17365,17365,1,4,47120
Family,9355,8426,9059,2080,2127,31047,31047,31047,31047,0,4,31047
Fast Color,9674,8274,14720,8435,3058,14720,14720,14720,14720,1,5,44161
Avengers: Endgame,39867,9993,9983,9991,9997,9980,9888,9921,9982,1,1,79831
UglyDolls,8232,9756,34114,7057,9483,8491,7060,9350,8799,1,1,68642
Pok√©mon Detective Pikachu,9932,21504,8772,9696,8782,21504,5826,21504,21504,1,4,58686
The Hustle,9892,9695,3780,11613,11613,8334,3138,11613,11613,2,4,46593
Tolkien,9156,8637,6494,9757,9757,9757,9757,4985,9757,2,5,43801
Poms,9772,6849,6768,27021,8240,7430,6767,8216,27021,1,2,58650
A Dog's Journey,9918,11963,6259,9866,11963,11963,9848,11963,11963,2,5,49969
The Sun Is Also a Star,7840,6201,17026,9805,7250,17026,17026,2956,17026,1,4,48122
The Souvenir,5408,5409,9768,7541,14063,14063,14063,14063,14063,1,5,42189
The Tomorrow Man,8836,9651,7632,4409,7632,7632,7632,7632,7632,2,6,38160
Aladdin,9986,9409,9547,9411,9410,3561,6636,57960,57960,0,2,47763
Booksmart,7225,7200,24020,9702,8282,6632,24020,24020,8999,1,3,56429
Godzilla: King of the Monsters,8795,9493,8687,8782,9247,7755,8735,8409,3503,0,0,45004
Rocketman,9679,9018,8855,6007,9743,43302,43302,43302,43302,0,4,43302
Dark Phoenix,9857,9784,9968,9156,8231,9197,8325,8269,8933,0,0,46996
The Secret Life of Pets 2,9426,9943,9994,9596,9602,9630,9623,9652,9431,0,0,48561
Late Night,9845,9710,8836,7313,2128,2244,3828,7167,51071,0,1,37832
Men in Black: International,9991,9565,9384,9613,3166,9845,9965,61529,61529,0,2,41719
The Dead Don't Die,9904,9935,9768,29384,9729,9755,29384,9677,29384,1,3,68720
Being Frank,5496,5669,6065,4016,8483,6578,36307,36307,36307,0,3,29729
Toy Story 4,9996,9934,9538,9518,9893,77942,9549,9591,9923,0,1,48879
Anna,6415,9717,8844,8325,8325,8325,8325,8325,8325,2,6,41626
Child's Play,8118,9940,8577,9059,8860,44554,44554,44554,44554,0,4,44554
Annabelle Comes Home,9493,9653,8929,7884,17979,17979,17979,17979,17979,1,5,53938
Yesterday,8343,9529,9355,29885,9578,9489,5451,29885,8026,1,2,66690
Ophelia,9933,9443,9520,8974,18935,18935,18935,18935,18935,1,5,56805
Spider-Man: Far From Home,9963,9999,9808,9690,9896,9823,75441,8490,7772,0,1,49356
Midsommar,9383,9299,2592,9414,18069,18069,18069,18069,5450,1,4,48757
Stuber,9957,9384,8570,3802,8315,6259,9973,8442,5970,0,0,40028
Crawl,9298,8002,6392,7897,7897,7897,7897,7897,7897,2,6,39486
The Lion King,9733,9914,9774,9662,9610,9609,9641,9608,77551,0,1,48693
Fast & Furious Presents: Hobbs & Shaw,9984,9879,9919,9005,27498,27498,7296,27498,8914,1,3,66285
Dora and the Lost City of Gold,6969,9309,14287,6341,5955,14287,14287,14287,14287,1,5,42861
The Kitchen,9800,9630,8412,9709,8351,61442,61442,7661,7879,0,2,45902
The Art of Racing in the Rain,7782,9762,6176,5237,3829,9916,42702,42702,42702,0,3,32786
Scary Stories to Tell in the Dark,8273,8275,8272,8276,8334,8278,8279,8277,8274,0,0,41430
The Peanut Butter Falcon,9920,9597,26831,7441,8762,8651,9291,26831,26831,1,3,62551
After the Wedding,9706,9723,8724,5875,20315,20315,6602,20315,20315,1,4,54343
The Angry Birds Movie 2,9702,9918,9081,9792,7737,9633,8678,9309,9630,0,0,46230
Good Boys,9303,8439,8440,20636,8459,20636,6632,20636,20636,1,4,55277
Blinded by the Light,6666,9013,7600,10739,10739,10739,10739,8938,10739,2,5,44757
"Where'd You Go, Bernadette",9875,8724,9838,27977,8984,9781,27977,8753,27977,1,3,65398
Angel Has Fallen,9852,9939,27547,8413,9273,27547,9747,27547,7871,1,3,65024
Brittany Runs a Marathon,8726,8002,4743,8459,8002,8002,8002,8002,2079,2,5,37932
Overcomer,8840,7551,7552,7981,7981,7981,7981,7981,7981,2,6,39905
Official Secrets,9886,7109,8852,8100,5125,9898,48970,48970,48970,0,3,39072
Don't Let Go,8804,8479,9059,8653,8356,43351,43351,43351,43351,0,4,43351
The Goldfinch,8588,9209,9897,7272,9158,8849,67738,5745,9020,0,1,44124
Hustlers,9293,9812,8650,7950,8645,44350,44350,44350,44350,0,4,44350
Ad Astra,9958,9902,6401,9351,8402,7053,51067,51067,51067,0,3,44014
Downton Abbey,9143,8573,8833,8810,9707,8925,9012,65347,2344,0,1,45066
Rambo: Last Blood,9929,4274,6719,5955,6719,6719,6719,6719,6719,2,6,33596
Judy,11016,6493,5918,8608,11016,7851,11016,4178,11016,2,4,43051
Joker,9694,9964,9360,2764,3721,3984,7879,47366,47366,0,2,35503
Lucy in the Sky,9928,9698,9360,9671,3131,7919,64712,8669,6336,0,1,41788
Gemini Man,9986,9330,9520,9912,19374,19374,19374,19374,19374,1,5,58122
The Addams Family,9885,9858,37311,9020,9277,9423,9804,8677,8679,1,1,75351
Jexi,8613,8325,9667,20819,9483,20819,5551,20819,20819,1,4,56907
Maleficent: Mistress of Evil,9878,9403,6728,9901,6655,9774,8936,68599,7324,0,1,42565
Zombieland: Double Tap,9889,9751,9824,9568,8458,69014,8863,9158,3503,0,1,47490
Jojo Rabbit,7520,8579,9997,7602,9521,9695,8468,8786,70168,0,1,43219
Black and Blue,9488,9712,8924,7719,2128,7587,4656,50214,50214,0,2,37971
Countdown,7276,1923,6285,6285,7784,1872,6285,6285,6285,2,5,29553
Terminator: Dark Fate,8502,9910,3796,5012,19527,7663,19527,19527,4172,1,3,46747
Motherless Brooklyn,27162,9674,9796,9778,9978,27162,6071,9028,27162,1,3,66388
Harriet,8630,16232,8945,5952,4772,16232,4166,16232,16232,1,4,44531
Arctic Dogs,9980,7384,9760,8618,8016,8788,71909,9567,9796,0,1,43758
Doctor Sleep,9951,9613,12763,8914,12763,12763,12763,1937,7876,2,4,54004
Last Christmas,9462,9283,7263,9845,20883,2219,3694,20883,20883,1,3,56736
Midway,8936,9653,9717,9889,9866,9486,9563,9756,6730,0,0,48061
Ford v Ferrari,9981,9930,9291,6077,5893,8944,50116,50116,50116,0,3,41172
Charlie's Angels,9905,9547,6978,9775,9842,9660,8562,71220,6951,0,1,46047
Frozen II,9864,9776,9918,9482,8678,7942,8356,8949,4151,0,0,47718
A Beautiful Day in the Neighborhood,9996,4046,10796,9127,10796,4597,4624,10796,10796,2,4,44761
21 Bridges,9976,9618,8394,7536,9223,8848,5658,59253,59253,0,2,44747
Knives Out,9880,9993,9489,9745,9468,9044,9594,76176,8963,0,1,48575
Queen & Slim,9794,7808,8665,8755,8755,8755,8755,8755,8755,2,6,43777
Playmobil: The Movie,8388,8577,5496,9962,5455,57521,8736,5454,5453,0,1,37878
The Aeronauts,9647,9669,7197,8343,5421,47258,6981,47258,47258,0,3,40277
Jumanji: The Next Level,9984,9943,9924,9973,9633,9756,8555,74093,6325,0,1,49457
Richard Jewell,7167,9521,9285,9698,9318,4419,49408,49408,49408,0,3,44989
Black Christmas,6900,6595,6596,9535,9535,8516,9535,9535,9535,2,5,39161
Bombshell,9858,9897,9779,8836,8677,8361,9355,7733,72496,0,1,47047
Seberg,9905,8935,9883,7604,9360,4687,9841,8712,6494,0,0,45687
A Hidden Life,5696,5695,16394,3044,5618,7374,16394,16394,5361,1,3,36447
Star Wars: The Rise of Skywalker,9907,9940,9935,9933,9931,9885,9834,79074,9709,0,1,49646
Cats,9401,9919,9570,8569,9578,7325,9953,9695,7326,0,0,47037
Spies in Disguise,9986,9963,8291,9839,8243,8344,9973,72883,8244,0,1,46322
Little Women,9398,9979,9383,8927,6046,63873,5893,7334,6913,0,1,43733
1917,8974,8938,9271,5610,8855,66892,9807,9966,5471,0,1,41648
Clemency,9662,8967,3316,7315,7315,7315,7315,7315,7315,2,6,36575
Underworld: Blood Wars,9771,9441,7426,21004,8409,6962,21004,21004,21004,1,4,56051
Monster Trucks,7519,9047,9245,9755,8002,7771,7329,7863,66531,0,1,43568
The Bye Bye Man,8531,7174,7173,8489,15683,15683,15683,15683,15683,1,5,47050
Sleepless,9872,9585,8401,8739,9479,9113,4530,59719,59719,0,2,46076
Split,9857,8388,8714,7899,8714,8714,8714,8714,8714,2,6,43572
The Resurrection of Gavin Stone,5836,5837,5839,8871,5838,32221,32221,32221,32221,0,4,32221
Sophie and the Rising Sun,7631,3165,7661,8274,6245,4056,37032,37032,37032,0,3,32976
A Dog's Purpose,9918,9866,3353,18796,6591,2285,5579,18796,18796,1,3,48524
Rings,7351,6892,7351,8584,6579,7351,7351,7351,7351,2,6,36757
The Space Between Us,9455,9213,9544,8636,18424,18424,18424,18424,18424,1,5,55272
Fifty Shades Darker,9597,9452,2863,21208,8437,21208,4075,21208,7992,1,3,51557
John Wick: Chapter 2,9923,9046,9781,36362,8885,9214,9011,9311,7554,1,1,73997
The Great Wall,9981,25946,8536,9778,7874,25946,7877,25946,7846,1,3,62115
A Cure for Wellness,8689,8114,6606,8399,20596,20596,3896,20596,5488,1,3,52404
Fist Fight,9635,9820,9573,8726,8334,9549,9384,9224,74245,0,1,46088
Get Out,9794,9010,9242,7755,22256,22256,22256,22256,8712,1,4,58057
Rock Dog,9158,7889,8394,9501,8736,7806,8348,9255,8466,0,0,43678
Collide,9156,9669,9906,9855,9411,54233,54233,2789,3447,0,2,47997
Logan,9960,9842,9181,8073,26902,7963,8786,26902,26902,1,3,63958
The Shack,9840,9657,21764,7522,5239,2846,8424,21764,21764,1,3,54022
Before I Fall,8458,6079,8483,23690,8135,7663,8563,23690,23690,1,3,54845
Table 19,9746,9338,8282,7353,8786,7614,8490,7661,7595,0,0,43505
The Last Word,9222,9762,20118,2575,5967,20118,8655,4056,20118,1,3,47644
Kong: Skull Island,9947,9999,9888,9787,9874,9061,67560,67560,9004,0,2,49495
Beauty and the Beast,9979,9671,9717,9837,9918,9951,9674,9577,9953,0,0,49122
Song to Song,9734,9208,9784,9928,9875,9798,67953,9626,67953,0,2,48529
Wilson,9889,6046,8984,7661,8538,5166,46284,46284,46284,0,3,41118
Ghost in the Shell,9997,20761,7021,5713,9174,7760,20761,1857,20761,1,3,52666
The Boss Baby,9796,27401,9884,7693,8282,9729,27401,27401,9419,1,3,63056
The Zookeeper's Wife,9450,4299,5360,5360,2332,5360,5360,5360,5360,2,6,26801
The Blackcoat's Daughter,9350,5126,5997,7235,13854,13854,13854,13854,13854,1,5,41562
The Case for Christ,8583,7257,8942,7729,6816,6817,46144,46144,46144,0,3,39327
Smurfs: The Lost Village,7838,8911,9201,9289,7841,8977,70704,8800,9847,0,1,43080
Going in Style,9939,9803,9429,8323,9292,64777,64777,8736,9255,0,2,46786
Colossal,9892,9702,2646,7871,9671,39782,39782,39782,39782,0,4,39782
Gifted,9993,8929,5825,9657,9602,49578,49578,5572,49578,0,3,44006
The Fate of the Furious,9985,9984,9858,9879,9847,9873,78558,9420,9712,0,1,49553
The Lost City of Z,9163,9887,9618,9963,22286,5942,22286,22286,22286,1,4,60917
My Entire High School Sinking Into the Sea,9109,4933,3666,9636,9780,3141,4016,3510,47791,0,1,37124
Unforgettable,8863,9663,3065,8148,8148,2854,8148,8148,8148,2,5,37887
The Circle,9979,9996,9931,9973,7270,9426,64985,8410,64985,0,2,47149
How to Be a Latin Lover,9309,9758,9245,9864,7483,9142,7990,62791,62791,0,2,45659
Guardians of the Galaxy Vol. 2,9989,9990,9995,9957,9985,9457,9973,9929,9922,0,0,49916
3 Generations,9443,9403,9780,11972,11972,11972,11972,7291,11972,2,5,52570
King Arthur: Legend of the Sword,9163,22540,9894,9660,9572,6791,22540,22540,22540,1,4,60829
Snatched,9110,9739,9483,7902,9456,58920,58920,4665,8565,0,2,45690
Lowriders,6297,6296,15103,6341,2782,8490,15103,15103,15103,1,4,36819
Alien: Covenant,9784,9562,8724,9466,26118,9261,26118,26118,5439,1,3,63654
"Everything, Everything",8380,8379,8867,8778,2563,36967,36967,36967,36967,0,4,36967
Wakefield,9417,9703,10804,8892,10804,10804,4400,10804,10804,2,5,49620
Baywatch,9984,9821,36072,8793,8111,8220,8112,9464,9639,1,1,72781
Pirates of the Caribbean: Dead Men Tell No Tales,9988,9851,9724,8639,9298,9903,63320,5917,63320,0,2,47500
Wonder Woman,9815,9900,8327,8731,8413,6729,9387,6346,67648,0,1,45186
Captain Underpants: The First Epic Movie,9943,9782,9277,3503,9591,8744,50840,50840,50840,0,3,42096
The Mummy,9992,9870,9043,9439,9370,8575,9411,65700,65700,0,2,47714
It Comes at Night,9513,5446,9261,7931,16075,16075,16075,16075,16075,1,5,48226
My Cousin Rachel,9789,8562,4576,13802,4677,13802,13802,13802,13802,1,5,41406
Megan Leavey,8559,5390,8450,17545,17545,7755,9046,5442,7995,2,2,57489
Beatriz at Dinner,9758,8836,7733,14995,3663,14995,14995,14995,14995,1,5,44985
Cars 3,9941,8913,9473,9127,7274,70430,9308,7661,8733,0,1,44728
Rough Night,9997,8726,28103,7158,9355,2126,28103,9042,9802,1,2,63339
The Book of Henry,9443,8962,9303,9517,8334,9511,64501,64501,9431,0,2,45559
Transformers: The Last Knight,9961,9906,9106,9658,1647,47247,6969,47247,47247,0,3,40278
The Beguiled,9844,9897,9632,9403,2821,7772,49369,49369,49369,0,3,41597
The Big Sick,9384,7933,9798,9765,8495,7795,7801,60971,60971,0,2,45375
The Bad Batch,5826,9708,9923,18001,18001,18001,8928,9970,9650,2,3,61459
Baby Driver,9209,9714,9529,9291,9698,9872,57313,57313,57313,0,3,47441
Despicable Me 3,9971,9838,9396,9250,9251,66836,66836,9475,9655,0,2,47706
The Little Hours,9494,9342,6282,8118,9787,9038,8641,8669,69371,0,1,43023
Spider-Man: Homecoming,9963,9846,34453,9690,9896,9956,9823,9733,34453,1,2,73848
War for the Planet of the Apes,9865,9889,8753,26026,9766,4795,8984,26026,26026,1,3,64299
Dunkirk,9055,18254,5119,18254,5745,7530,8879,9592,8844,2,2,56427
Girls Trip,9742,9819,9810,9630,2366,7719,8040,57126,57126,0,2,41367
Atomic Blonde,9858,9857,7296,9874,7280,6962,60566,9439,60566,0,2,44165
The Emoji Movie,9704,9578,9735,9636,8485,8652,9842,7673,73305,0,1,47138
Detroit,9931,9414,6909,7745,9019,4201,7225,9299,5743,0,0,43018
Brigsby Bear,5025,9395,2127,4743,9940,48850,7898,9722,48850,0,2,31230
The Dark Tower,9919,9881,6910,8940,7753,9268,9224,8832,6266,0,0,43403
Wind River,9980,9952,5726,9291,2110,45609,45609,8550,45609,0,3,37059
The Glass Castle,9888,9889,11830,11830,9443,11830,11830,6270,11830,2,5,52880
The Nut Job 2: Nutty by Nature,9793,9663,9636,9849,6969,9011,9028,9431,7369,0,0,45910
Good Time,9887,9009,7009,8635,8635,8635,8635,8635,8635,2,6,43175
Ingrid Goes West,8118,9952,23088,7353,6636,9922,4195,23088,23088,1,3,55147
The Only Living Boy in New York,8955,9850,9771,9831,9246,7624,61375,6098,61375,0,2,47653
The Hitman's Bodyguard,9932,9999,9455,9758,8916,2594,58727,8073,58727,0,2,48060
Logan Lucky,9917,9935,27424,7931,9880,7526,27424,9659,27424,1,3,65087
Film Stars Don't Die in Liverpool,9759,9018,9715,24584,7875,5503,7298,24584,24584,1,3,60951
Tulip Fever,9375,8689,9629,4576,8935,9830,60604,60604,9570,0,2,41204
It,8962,7883,6873,9020,23098,7192,23098,23098,6266,1,3,55836
Home Again,9895,15760,7499,15760,9205,8931,9623,15760,2128,2,3,58119
9/11,9701,9664,7094,21927,5548,21927,6883,4965,21927,1,3,53934
American Assassin,29638,9846,9418,4499,9410,3759,9223,7585,5537,1,1,62811
Brad's Status,9975,9205,3944,9158,8891,8276,54867,5418,54867,0,2,41173
Kingsman: The Golden Circle,9807,9706,9679,9271,9738,9917,9850,8536,76504,0,1,48201
Stronger,9808,2614,6081,8954,13728,13728,13728,13728,13728,1,5,41185
Battle of the Sexes,9824,9971,8260,3802,9517,9530,8943,9068,8587,0,0,41374
Woodshock,9632,6953,5988,5241,6953,6953,6953,6953,6953,2,6,34767
Victoria & Abdul,9570,7198,7851,6922,7889,47231,47231,7801,47231,0,3,39430
American Made,9992,9709,7278,9056,24868,24868,5872,24868,7829,1,3,60903
Flatliners,9564,9650,7222,6913,7624,9082,50055,50055,50055,0,3,40973
Mark Felt: The Man Who Brought Down the White House,9965,9705,1810,9456,9107,7917,7114,64018,8944,0,1,40043
Blade Runner 2049,9734,9994,9489,8543,8731,9559,3796,3555,63401,0,1,46491
The Mountain Between Us,9835,9919,6997,8739,17745,17745,17745,17745,17745,1,5,53235
My Little Pony: The Movie,9836,8506,8370,31050,8992,9252,7154,9990,31050,1,2,66754
The Florida Project,9778,8180,6269,9600,9600,9600,4575,9600,9600,2,5,43427
Happy Death Day,8612,8166,8068,16456,8066,16456,16456,16456,16456,1,5,49368
Marshall,9976,9918,9490,8678,9671,5484,64316,3283,7816,0,1,47733
Goodbye Christopher Robin,9709,9779,9211,2750,18548,5648,18548,18548,18548,1,4,49997
Geostorm,9852,9111,8255,28815,6145,9309,28815,5242,9716,1,2,62178
Only the Brave,9972,9105,9850,9328,8351,9223,9212,3065,8198,0,0,46606
Same Kind of Different as Me,9395,9386,9660,9103,9386,9386,9386,9386,9386,2,6,46930
Wonderstruck,8588,9706,5413,9723,22030,7955,22030,2676,22030,1,3,55460
The Killing of a Sacred Deer,7879,2101,26779,9844,8879,9897,8578,6380,26779,1,2,55482
Thank You for Your Service,9105,6762,5988,9110,21212,3343,8117,21212,21212,1,3,52177
Suburbicon,9981,9706,9885,9857,9857,9857,9857,9857,9857,2,6,49286
Jigsaw,9256,7642,7658,19918,7639,19918,7641,19918,19918,1,4,52113
Novitiate,7604,6588,7631,7923,4392,42391,3863,4390,42391,0,2,34138
All I See Is You,9451,9233,11686,7962,11686,8413,11686,11686,11686,2,5,50018
Amityville: The Awakening,9009,7815,6568,8518,1751,42590,42590,8929,42590,0,3,33661
Thor: Ragnarok,9991,9947,9875,9919,9711,9565,9983,9801,9906,0,0,49443
A Bad Moms Christmas,9661,9864,9166,8538,9376,9780,9625,74616,8606,0,1,46605
Last Flag Flying,9971,9417,9781,7501,21348,6026,21348,21348,21348,1,4,58018
Lady Bird,9398,1983,22164,6745,5893,8785,22164,7200,4325,1,2,46183
Murder on the Orient Express,9592,9988,9901,33846,9778,9570,9918,33846,8945,1,2,73105
Daddy's Home 2,9936,9961,9944,8836,9537,9648,57862,57862,57862,0,3,48214
LBJ,9889,7817,9009,9530,2509,8405,8780,62410,6471,0,1,38754
"Three Billboards Outside Ebbing, Missouri",9534,9889,9521,6745,4772,8255,9171,57887,57887,0,2,40461
Justice League,9948,9848,9815,9861,9676,9708,9189,9654,9705,0,0,49148
The Star,8162,9893,36175,9354,9445,9259,9514,8491,8232,1,1,73029
"Roman J. Israel, Esq.",9954,9844,9261,9686,9686,9686,9686,9686,9686,2,6,48431
Darkest Hour,9455,9115,9839,9529,8398,52647,52647,6311,52647,0,3,46336
The Man Who Invented Christmas,9671,9259,9097,6253,6392,40672,40672,40672,40672,0,4,40672
Call Me by Your Name,9473,6327,6923,6327,2587,6327,6327,6327,6327,2,6,31637
The Disaster Artist,9760,9342,9914,9821,9494,67387,9639,67387,9417,0,2,48331
The Shape of Water,8735,9594,7817,9657,6923,8489,57290,6075,57290,0,2,42726
Wonder Wheel,9835,9498,4800,13980,3828,13980,13980,13980,13980,1,5,41941
"I, Tonya",9779,9950,8677,7631,7167,9028,8929,64132,2971,0,1,43204
Just Getting Started,9939,9902,9442,9003,21886,5486,21886,21886,21886,1,4,60172
Star Wars: The Last Jedi,9940,9907,9935,9933,9931,9885,9865,9911,9709,0,0,49646
Ferdinand,9648,9355,9354,9169,8491,9028,6036,9294,70375,0,1,46017
Jumanji: Welcome to the Jungle,9984,9943,9924,9973,33581,9028,9756,8555,33581,1,2,73405
The Greatest Showman,9960,9821,9723,9613,9823,60185,9464,1781,60185,0,2,48940
Pitch Perfect 3,9746,9697,9695,8836,9775,7770,9406,8885,9619,0,0,47749
Downsizing,9981,9629,9838,29492,9702,4704,9085,6046,29492,1,2,68642
Father Figures,9782,9941,9783,8394,6960,9644,9514,7743,7614,0,0,44860
The Post,9925,9996,7917,4046,7334,6923,8849,5893,7755,0,0,39218
Hostiles,9930,9369,8129,9056,9470,51317,5363,51317,51317,0,3,45954
All the Money in the World,9723,9259,9961,6361,6603,7386,6270,59471,3908,0,1,41907
Molly's Game,9450,9919,9237,9916,3761,9136,7879,62144,2846,0,1,42283
Phantom Thread,9583,8300,6054,8869,8869,2670,8869,8869,8869,2,5,41675
Anesthesia,9905,6631,9783,5315,7871,9302,5102,55704,1795,0,1,39505
Ride Along 2,9820,9943,8178,9380,8658,9353,70240,7644,7264,0,1,45979
13 Hours: The Secret Soldiers of Benghazi,8351,9407,7992,7837,17691,1796,17691,17691,17691,1,4,51278
Norm of the North,9499,9556,9353,9696,6494,9286,62375,62375,8491,0,2,44598
The 5th Wave,26573,8379,7493,3218,6892,9438,6815,2542,8370,1,1,52555
Kung Fu Panda 3,9924,9417,9909,9878,8394,9849,9914,71596,4311,0,1,47522
The Finest Hours,9900,9170,8978,4576,32848,8061,7852,7587,9572,1,1,65472
Fifty Shades of Black,9507,8812,8551,6651,27251,2680,6650,2644,9007,1,1,60772
Jane Got a Gun,9928,9513,6683,8882,7963,9951,52920,52920,52920,0,3,42969
"Hail, Caesar!",9972,9926,9203,9898,9997,9768,9917,9534,9859,0,0,48996
The Choice,8421,8939,9378,8793,9554,8981,54066,54066,54066,0,3,45085
Deadpool,9932,9358,8936,9704,7015,9356,9432,9447,73180,0,1,44945
How to Be Single,9597,9695,9494,9523,8428,7268,6612,7290,8993,0,0,46737
Race,7536,9702,14867,14867,6451,9654,9587,14867,1672,2,3,53423
Gods of Egypt,7496,8639,9976,8916,7449,8608,9852,9851,2878,0,0,42476
Triple 9,9170,9774,9883,8368,33877,6703,8939,5102,9815,1,1,71072
London Has Fallen,9852,9563,9939,9863,26663,7522,26663,26663,6588,1,3,65880
Whiskey Tango Foxtrot,9352,9779,9899,8356,5446,9287,6612,64550,5819,0,1,42832
10 Cloverfield Lane,9874,9330,11029,11029,3888,9995,11029,11029,11029,2,5,45150
The Perfect Match,22015,6540,6541,6551,6539,8461,9399,22015,22015,1,3,48186
"Hello, My Name Is Doris",9551,14182,14182,9276,8712,5683,14182,9326,14182,2,4,55903
The Divergent Series: Allegiant,9595,9441,9443,9657,9546,65996,9209,9105,65996,0,2,47682
The Bronze,5141,3829,7899,3503,9950,30322,30322,30322,30322,0,4,30322
Midnight Special,9594,9513,9632,8962,9935,8150,7879,3343,67008,0,1,47636
Batman v Superman: Dawn of Justice,9948,9848,9861,9751,9705,9781,9654,9798,9815,0,0,49113
My Big Fat Greek Wedding 2,9321,9327,8137,8136,8130,8138,8132,8135,8555,0,0,43051
I Saw the Light,9947,9952,7755,2125,6071,3863,39713,39713,39713,0,3,35850
Everybody Wants Some!!,6029,8458,8510,6038,6300,6026,7792,7353,6024,0,0,35335
God's Not Dead 2,7100,7720,8256,2935,13005,13005,13005,13005,13005,1,5,39016
Meet the Blacks,9007,8264,7531,6675,6674,9508,7550,62460,7251,0,1,38151
Miles Ahead,9982,9951,4528,20683,6923,20683,20683,20683,9982,1,4,52067
The Boss,9800,9864,9171,27482,8101,9285,27482,27482,8744,1,3,64418
Demolition,9808,9443,9127,9459,9459,9459,9459,9459,9459,2,6,47296
The Jungle Book,9425,9904,9855,9919,9911,9997,9448,9644,8921,0,0,49014
Barbershop: The Next Cut,9820,9727,9742,8994,9971,9294,75793,9199,9046,0,1,48254
Criminal,9916,9815,9455,9932,9902,70891,5713,9284,6874,0,1,49020
Green Room,9550,6900,6368,5988,8955,8153,52142,4575,1653,0,1,37761
The Huntsman: Winter's War,9991,9858,9450,9836,8909,7600,55644,55644,55644,0,3,48044
Elvis & Nixon,9594,9714,9167,9104,7744,8269,59485,5893,59485,0,2,45323
Keanu,9893,9591,9630,26899,9019,26899,9034,6632,26899,1,3,65032
Ratchet & Clank,9427,9874,7815,8863,30484,8585,6476,9929,30484,1,2,66463
Captain America: Civil War,9993,39853,9997,9950,9883,9982,9980,9976,9945,1,1,79676
Money Monster,9926,9949,8935,6204,6077,9448,3058,53597,53597,0,2,41091
Love & Friendship,9771,6797,6392,9737,9737,9737,9737,6253,9737,2,5,42434
The Angry Birds Movie,9702,9918,9466,9636,9792,9171,9484,9893,9355,0,0,48514
Neighbors 2: Sorority Rising,9914,9821,9667,31512,9456,7624,7200,31512,9342,1,2,70370
The Nice Guys,9870,9734,7772,9144,7604,7586,8848,7587,4325,0,0,44124
X-Men: Apocalypse,9857,9784,9968,9885,9156,9667,8269,9197,8231,0,0,48650
Alice Through the Looking Glass,9988,9892,9029,8100,9786,9791,9749,75540,9205,0,1,46795
Teenage Mutant Ninja Turtles: Out of the Shadows,9761,9793,8666,37140,9062,9063,9065,9075,9795,1,1,74422
Me Before You,9462,8562,8811,8409,8811,8811,8811,8811,8811,2,6,44055
Popstar: Never Stop Never Stopping,9722,6530,6532,9517,6761,9636,7902,6900,63500,0,1,39062
The Conjuring 2,9653,9493,8621,11254,11254,11254,11254,11254,5995,2,5,50275
Warcraft,7896,9399,8978,9343,9004,5612,65331,8954,6145,0,1,44620
Now You See Me 2,9751,9983,9889,9342,9962,8884,9939,9803,8957,0,0,48927
Finding Dory,9777,9748,9050,33417,9772,9527,33417,9042,9919,1,2,71764
Central Intelligence,9984,9943,7771,22945,9825,8368,22945,22945,22945,1,4,60468
Independence Day: Resurgence,8948,9711,9530,6815,8183,58412,58412,5945,9280,0,2,43187
Free State of Jones,9881,9674,8991,9688,8727,54106,54106,7145,54106,0,3,46961
The Neon Demon,9403,9549,9923,8332,8832,8437,7420,4548,66444,0,1,46039
The Legend of Tarzan,23845,9629,9999,9779,9660,23845,23845,8624,23845,1,4,62912
The BFG,9124,8106,9012,8891,9037,3166,9792,57128,57128,0,2,44170
The Purge: Election Year,8924,8397,8479,8600,8600,8600,8600,8600,8600,2,6,43000
The Secret Life of Pets,9440,9596,9943,9599,9748,9623,9652,9639,9431,0,0,48326
Captain Fantastic,9860,7799,8974,6267,7722,6266,6268,6270,4169,0,0,40622
Mike and Dave Need Wedding Dates,9821,8613,9746,8118,8712,53070,53070,8060,53070,0,3,45010
The Infiltrator,9417,9297,9805,7771,8114,5609,6671,60128,3444,0,1,44404
Star Trek Beyond,9900,9692,9801,9990,9891,9550,9737,9919,9439,0,0,49274
Ice Age: Collision Course,9765,9805,9767,8613,8187,64169,64169,8669,9363,0,2,46137
Lights Out,8939,8577,17601,8248,9438,17601,17601,17601,17601,1,5,52803
Nerve,9350,9342,9138,4331,20609,20609,9057,20609,20609,1,4,52770
Jason Bourne,9981,9902,9375,8085,8650,9726,63598,63598,7879,0,2,45993
Bad Moms,9661,9864,9166,9306,2821,68954,8701,9625,9810,0,1,40818
Nine Lives,9714,9703,8019,8538,26328,7038,9644,26328,26328,1,3,62302
Pete's Dragon,9743,8588,6353,9801,2821,9882,47188,47188,47188,0,3,37306
Sausage Party,9914,9838,9859,9792,9237,9760,9466,9338,9921,0,0,48640
Florence Foster Jenkins,9925,9672,7333,9613,4419,46466,46466,5504,46466,0,3,40962
Ben-Hur,7612,9004,9939,8882,7578,7294,7169,5862,63340,0,1,43015
Kubo and the Two Strings,9858,7908,9898,9070,27911,27911,9208,9881,27911,1,3,64645
War Dogs,9859,9105,9489,9995,6794,45242,45242,45242,45242,0,4,45242
Mechanic: Resurrection,9879,9764,9902,7263,18404,18404,18404,18404,18404,1,5,55212
Don't Breathe,9047,8508,8507,8873,17467,17467,17467,17467,17467,1,5,52402
Hands of Stone,14925,9964,9489,8183,14925,8825,8316,14925,14925,2,4,57486
The Light Between Oceans,9784,9375,9789,2878,7097,8064,7116,54103,54103,0,2,38923
Morgan,8559,8388,7280,2331,7963,7263,9009,9427,60220,0,1,34521
When the Bough Breaks,9324,9742,9088,5102,23474,6296,7396,23474,23474,1,3,56730
Bridget Jones's Baby,16241,9807,9382,9845,16241,8624,8399,2667,16241,2,3,61516
Snowden,9741,9595,8100,9974,6588,9692,9554,5948,8806,0,0,43998
The Magnificent Seven,9954,9989,9622,8584,30914,30914,8550,6762,8367,1,2,69063
Storks,9722,8330,8807,9862,9042,8331,9893,9591,8688,0,0,45763
Miss Peregrine's Home for Peculiar Children,9665,9213,9999,9570,9096,8677,9136,8513,8498,0,0,47543
Queen of Katwe,6478,8804,9911,8397,8397,8397,8397,8397,8397,2,6,41987
Masterminds,9830,9941,9838,19249,19249,19249,9702,9355,9081,2,3,68107
The Birth of a Nation,8411,9473,15974,3131,7650,15974,15974,15974,3283,1,4,44639
The Accountant,9948,9746,8394,9291,29371,4383,8836,8144,29371,1,2,66750
Kevin Hart: What Now?,9943,9738,9982,9782,19722,19722,19722,19722,19722,1,5,59167
Max Steel,6096,9438,8416,8416,9716,8416,8416,8416,8416,2,6,42082
Ouija: Origin of Evil,5683,7722,5383,9539,18408,18408,18408,8489,18408,1,4,46735
American Pastoral,9951,9328,9463,23256,7154,23256,23256,6255,4361,1,3,59152
Inferno,9996,9669,8016,8038,7542,8978,2330,54569,54569,0,2,43261
Doctor Strange,9966,9774,9833,9912,9744,9768,6923,9380,3759,0,0,49229
Trolls,9746,9498,9580,9461,8809,71810,9376,9578,5762,0,1,47094
Hacksaw Ridge,9617,9840,8020,8939,8703,5372,9841,7210,67542,0,1,45119
Loving,9513,6401,1810,9277,22407,22407,8220,9594,22407,1,3,49408
Arrival,9861,9980,9829,6923,7376,8104,52073,52073,52073,0,3,43969
Billy Lynn's Long Halftime Walk,5952,9905,9616,9424,30486,9985,9908,6182,30486,1,2,65383
Almost Christmas,9755,9479,34817,8402,9088,9199,8183,7770,7758,1,1,71541
Shut In,9443,7800,7227,9303,16886,16886,16886,16886,16886,1,5,50659
Fantastic Beasts and Where to Find Them,9647,9562,9531,9458,9676,9210,9103,9434,9261,0,0,47874
The Edge of Seventeen,9697,7899,6300,8017,9889,41802,41802,41802,41802,0,4,41802
Moana,9984,9243,1808,21743,8891,21743,9854,3706,21743,1,3,51669
Allied,9958,9362,9301,29429,8884,29429,8852,6806,5696,1,2,66934
Bad Santa 2,9287,9285,8146,9549,8145,51062,6650,51062,51062,0,3,44412
Rules Don't Apply,9402,8637,9203,9759,9828,9796,6762,8931,8629,0,0,46829
La La Land,9734,9824,20887,7905,8394,5918,20887,20887,20887,1,4,56744
Rogue One: A Star Wars Story,9669,9650,9854,9687,38999,9839,9829,9726,9744,1,1,77859
The Founder,9846,8669,2732,6046,9537,46483,9653,46483,46483,0,3,36830
Sing,9881,9895,9659,9997,9787,9679,9275,6187,8569,0,0,49219
Patriots Day,9961,9519,9874,8394,9585,7895,63572,8344,63572,0,2,47333
A Monster Calls,6083,9753,9669,9004,17254,17254,17254,17254,17254,1,5,51763
Blackhat,9991,6174,9740,13726,13726,13726,6144,7060,2069,2,3,53357
The Wedding Ringer,9943,9918,8551,8194,8348,6791,55841,4096,55841,0,2,44954
Vice,9930,9861,9971,9521,7986,7296,3376,3717,9056,0,0,47269
The Boy Next Door,9812,8510,9327,8506,21722,2584,4705,21722,21722,1,3,57877
Mortdecai,9988,9956,9951,8658,9945,9711,63196,63196,4987,0,2,48498
Strange Magic,8943,7942,8506,9636,6693,6691,8356,8177,6692,0,0,41720
Black or White,9916,9657,7144,16443,16443,9883,16443,6847,5883,2,3,59603
Project Almanac,7366,7169,7171,7170,7168,36044,36044,36044,36044,0,4,36044
Jupiter Ascending,9917,9661,8148,9647,6685,6279,57867,7530,57867,0,2,44058
Seventh Son,9850,9706,26648,6922,9375,26648,9660,7783,26648,1,3,62501
The SpongeBob Movie: Sponge Out of Water,9295,8951,8953,8954,8952,9813,54918,54918,54918,0,3,45105
Fifty Shades of Grey,9597,9452,5883,15040,15040,4075,8122,15040,7992,2,3,55012
Kingsman: The Secret Service,9807,9803,9679,9999,9271,9439,5650,9335,9940,0,0,48559
The DUFF,7806,8019,7815,16919,16919,9088,16919,9353,8677,2,3,57478
The Lazarus Effect,6220,9318,9733,8269,6009,49230,49230,49230,9681,0,3,39549
Chappie,8958,9377,6000,14682,14682,14682,9753,9960,14682,2,4,53699
The Second Best Exotic Marigold Hotel,9570,9707,9696,9377,8399,9012,8398,7514,71673,0,1,46749
Danny Collins,9869,9759,9703,9028,9259,8672,2782,59072,59072,0,2,47618
The Divergent Series: Insurgent,9595,9441,9657,9603,8908,72008,9105,9209,6490,0,1,47204
The Gunman,9484,9919,9642,9124,9724,6610,54503,54503,54503,0,3,47893
While We're Young,9975,9443,9935,9762,9125,52054,52054,52054,3814,0,3,48240
Furious 7,9985,9876,9984,9847,9712,9555,9728,9660,7472,0,0,49404
Ex Machina,9709,9885,9375,9656,9656,9656,9656,9656,9656,2,6,48281
Child 44,9790,9455,9428,9566,7336,4035,9233,8085,66928,0,1,45575
Paul Blart: Mall Cop 2,9877,6573,7219,6285,16443,16443,16443,2932,16443,1,4,46397
True Story,9859,9760,9669,17301,5315,17301,17301,17301,17301,1,5,51904
Little Boy,16156,7504,16156,6914,7028,9554,16156,9877,7591,2,3,53758
Avengers: Age of Ultron,39816,9991,9983,9993,9997,9980,9982,9754,9952,1,1,79780
Mad Max: Fury Road,9790,9858,9156,8915,22825,22825,22825,22825,7931,1,4,60544
Pitch Perfect 2,9746,9695,9697,9619,8528,8613,72142,9406,6838,0,1,47285
Poltergeist,9521,7905,4312,7898,9301,6612,45549,45549,45549,0,3,38937
Tomorrowland,9926,9282,8636,2101,8424,9166,9893,57428,57428,0,2,38369
San Andreas,9984,9544,8793,9416,6505,9427,61577,7908,61577,0,2,44242
Love & Mercy,9806,8431,9775,9427,7300,7879,62780,2181,7981,0,1,44739
Jurassic World,9989,9743,8038,8584,8024,8379,9370,8016,70143,0,1,44378
Dope,9128,8490,7624,8402,21736,21736,9829,21736,21736,1,4,55380
Inside Out,9645,9412,7620,9792,9501,9710,71277,9705,5892,0,1,45970
Max,7793,7051,8651,8019,1892,33406,33406,33406,33406,0,4,33406
Ted 2,9961,9659,9762,32408,8928,9939,32408,8271,8296,1,2,70718
Terminator Genisys,9910,9233,9462,9603,8394,62286,7109,8575,62286,0,2,46602
Magic Mike XXL,9917,9144,9201,8233,8234,8491,9435,9733,72388,0,1,44729
Minions,9959,9698,9846,8677,9475,6187,9851,73664,9971,0,1,47655
Ant-Man,9921,9913,9856,9302,9028,8984,65599,65599,8595,0,2,48020
Mr. Holmes,9953,8666,12492,7864,12492,12492,5092,12492,5902,2,4,51467
Pixels,9977,9877,9585,9171,9918,6459,6788,7597,69372,0,1,48528
Southpaw,9808,9829,9488,8372,2821,6734,7587,9833,7670,0,0,40318
Paper Towns,7499,9467,6079,8276,19358,7396,19358,19358,19358,1,4,50679
The Gift,9825,9037,9513,13457,13457,7587,13457,13457,4409,2,4,55289
Ricki and the Flash,9925,9837,7570,7310,9577,9950,61007,61007,6838,0,2,44219
Straight Outta Compton,14933,9061,9019,14933,8967,14933,14933,8325,9427,2,4,56913
She's Funny That Way,9941,6900,9166,8100,9862,6632,53371,53371,2770,0,2,43969
Hitman: Agent 47,7579,11816,9692,11816,7525,5789,4863,11816,11816,2,4,48428
Before We Go,9993,9284,7153,2183,7153,7153,7153,7153,7153,2,6,35766
The Visit,8221,8826,8223,8222,9166,42658,42658,42658,42658,0,4,42658
The Perfect Guy,9418,9581,9324,6817,8386,7260,56935,6149,56935,0,2,43526
Everest,9233,9972,7441,8731,7504,70469,9886,9840,7862,0,1,42881
Sicario,9836,9797,9972,24345,9291,9794,24345,24345,24345,1,4,63241
99 Homes,9617,9594,6046,5678,19944,8954,19944,19944,19944,1,4,50879
The Intern,9964,9892,9442,7268,25163,25163,8613,5147,25163,1,3,61729
Stonewall,9108,4350,9292,16528,5958,16528,4349,16528,16528,1,4,45236
Mississippi Grind,9932,9839,9618,5402,3235,9662,47688,47688,47688,0,3,38026
The Walk,9741,9855,8179,8351,22658,22658,22658,9190,22658,1,4,58784
The Martian,9981,9450,9838,9546,35490,8559,8148,9950,5508,1,1,74305
Steve Jobs,9784,9835,9914,9546,6923,9562,55564,55564,55564,0,3,46002
Pan,9960,9424,9208,8837,9762,7801,64459,64459,9467,0,2,47191
Knock Knock,9923,9489,6375,11513,11513,11513,11513,11513,8754,2,5,48813
Bridge of Spies,9996,9124,8640,7771,26517,8222,6636,2646,26517,1,2,62048
Crimson Peak,9029,9450,9947,9163,24142,24142,2206,8489,24142,1,3,61731
Goosebumps,9924,8508,8785,25722,7771,8726,6079,1652,25722,1,2,60710
Room,9888,9303,4983,11249,11249,9574,11249,11249,11249,2,5,46672
Woodlawn,8783,20365,6800,7264,9103,8780,20365,20365,20365,1,4,52315
Rock the Kasbah,9904,18649,9490,18649,9978,8301,9466,8809,18649,2,3,66670
Paranormal Activity: The Ghost Dimension,9822,9822,7043,6791,6998,8634,9822,9822,9822,2,5,40476
Jem and the Holograms,5817,8041,5821,5816,9040,43673,43673,43673,9138,0,3,34535
The Last Witch Hunter,9985,9809,2331,18768,9803,18768,18768,18768,5609,1,4,50696
Suffragette,9001,9786,8727,26972,9333,9925,26972,7172,26972,1,3,63819
I Smile Back,9517,7261,2575,11069,11069,7256,11069,6598,11069,2,4,41491
Scouts Guide to the Zombie Apocalypse,9197,8483,5976,6080,9454,6079,9240,54509,54509,0,2,39190
Our Brand Is Crisis,9959,9287,9883,2594,4169,4530,7933,48355,48355,0,2,35892
Burnt,9995,9618,8016,17812,17812,2964,9375,4046,9422,2,2,63253
Brooklyn,9398,9709,7651,8624,9715,45097,45097,45097,45097,0,4,45097
Spectre,9880,9629,36112,9898,8430,9333,9488,9957,5610,1,1,73949
Spotlight,9983,9846,9833,8370,5544,61958,9658,8724,61958,0,2,43576
The 33,9813,8882,9174,8821,8834,6688,2463,7831,5955,0,0,45524
My All American,9563,5918,8725,6009,6404,42646,6027,42646,42646,0,3,36619
Creed,9832,9929,9565,9775,9775,9775,9775,9775,9775,2,6,48876
In the Heart of the Sea,9991,8421,8844,8727,9333,55279,9963,55279,55279,0,3,45316
The Big Short,9971,9734,9930,9958,9690,61452,3166,3761,5242,0,1,49283
Star Wars: The Force Awakens,9994,9940,9907,9935,9933,9931,9885,9911,9865,0,0,49709
Concussion,9986,9796,9674,4652,4627,9158,9569,57462,57462,0,2,38735
Daddy's Home,9936,9961,9537,8651,28376,28376,9639,9028,28376,1,3,66461
The Hateful Eight,9999,9873,9009,9278,31953,8197,8788,8762,31953,1,2,70112
