filem_name,director_rank,rank_of_five_top_stars,film_income,runtime_minuts,release_year,Action,Drama,Comedy,Adventure,Thriller,Mystery,Fantasy,Biography,Family,Sci-Fi,Romance,Horror
The Grudge,10514,47521,21200000,94,2020,0,0,0,0,1,0,0,0,0,0,0,1
Like a Boss,11262,46247,22100000,83,2020,0,0,1,0,0,0,0,0,0,0,0,0
Bad Boys for Life,11591,65925,204300000,124,2020,1,0,1,0,0,1,0,0,0,0,0,0
Dolittle,11526,65767,77000000,100,2020,0,0,1,1,0,0,1,0,1,0,0,0
The Gentlemen,11960,57020,36500000,113,2020,0,1,1,0,0,0,0,0,0,0,0,0
The Last Full Measure,8302,48176,2900000,116,2020,0,1,0,0,0,0,0,0,0,0,0,0
The Rhythm Section,8591,35543,4900000,109,2020,1,0,0,0,1,1,0,0,0,0,0,0
Gretel & Hansel,9856,28782,15300000,87,2020,0,0,0,0,0,0,1,0,0,0,0,1
The Lodge,8457,42229,2100000,108,2020,0,0,0,0,1,0,0,0,0,0,0,1
Sonic the Hedgehog,11464,61741,146700000,100,2020,0,0,1,1,0,0,1,0,1,0,0,0
Downhill,10253,40918,8300000,85,2020,0,1,1,0,0,0,0,0,0,0,0,0
Brahms: The Boy II,11345,41443,12600000,86,2020,0,0,0,0,1,0,0,0,0,0,0,1
The Invisible Man,11427,53189,64300000,124,2020,0,0,0,0,1,0,0,0,0,0,0,1
Onward,11760,47057,60400000,103,2020,0,0,1,1,0,0,1,0,1,0,0,0
The Burnt Orange Heresy,7956,43549,14380000,99,2020,0,0,0,0,1,0,0,0,0,0,0,0
First Cow,8472,43565,16100000,122,2020,0,1,0,0,0,0,0,0,0,0,0,0
I Still Believe,11147,39935,9100000,115,2020,0,1,0,0,0,0,0,1,0,0,1,0
The Roads Not Taken,8958,56326,330000,85,2020,0,1,0,0,0,0,0,0,0,0,0,0
Insidious: The Last Key,11553,28988,67300000,103,2018,0,0,0,0,1,0,0,0,0,0,0,1
The Commuter,11823,42369,36300000,104,2018,1,0,0,0,1,1,0,0,0,0,0,0
Proud Mary,11343,53187,20200000,88,2018,1,0,0,0,1,1,0,0,0,0,0,0
12 Strong,10765,59513,44300000,130,2018,0,1,0,0,0,0,0,0,0,0,0,0
Den of Thieves,10849,45975,44900000,140,2018,1,1,0,0,1,1,0,0,0,0,0,0
Forever My Girl,9581,34825,16400000,108,2018,0,1,0,0,0,0,0,0,0,0,1,0
Maze Runner: The Death Cure,11804,67298,57400000,142,2018,1,0,0,1,1,1,0,0,0,1,0,0
Fifty Shades Freed,11801,45983,100400000,105,2018,0,1,0,0,0,0,0,0,0,0,1,0
The 15:17 to Paris,11976,35695,36200000,94,2018,0,1,0,0,1,0,0,0,0,0,0,0
Black Panther,11897,49556,700200000,134,2018,1,0,0,1,0,1,1,0,0,0,0,0
Early Man,11633,59049,8200000,89,2018,0,0,1,1,0,0,0,0,1,0,0,0
The Party,8958,36134,74890000,71,2018,0,1,1,0,0,0,0,0,0,0,0,0
Black '47,7328,42958,4930000,100,2018,0,1,0,0,1,0,0,0,0,0,0,0
Samson,8367,39928,4700000,110,2018,1,0,0,1,0,1,0,0,0,0,0,0
Game Night,11348,39544,69000000,100,2018,1,0,1,0,0,1,0,0,0,0,0,0
Annihilation,10858,45364,32700000,115,2018,0,0,0,1,1,0,0,0,0,1,0,0
Every Day,11328,31582,6100000,95,2018,0,1,0,0,0,0,1,0,0,0,1,0
Red Sparrow,11977,43675,46700000,139,2018,0,0,0,0,1,0,0,0,0,0,0,0
Death Wish,11565,39996,34000000,107,2018,1,0,0,0,1,1,0,0,0,0,0,0
Gringo,9290,47259,4900000,110,2018,1,0,1,0,0,1,0,0,0,0,0,0
Thoroughbreds,8046,43230,2700000,90,2018,0,0,1,0,1,0,0,0,0,0,0,0
The Death of Stalin,10199,61651,8000000,107,2018,0,0,1,0,0,0,0,0,0,0,0,0
The Strangers: Prey at Night,11219,42215,24400000,85,2018,0,0,0,0,1,0,0,0,0,0,0,1
The Hurricane Heist,11885,47988,6100000,103,2018,1,0,0,0,1,1,0,0,0,0,0,0
Tomb Raider,11424,40117,57300000,118,2018,1,0,0,1,0,1,0,0,0,0,0,0
"Love, Simon",11246,45669,40800000,110,2018,0,1,1,0,0,0,0,0,0,0,1,0
Flower,5135,36607,32740000,90,2018,0,1,1,0,0,0,0,0,0,0,0,0
Isle of Dogs,11675,73292,31900000,101,2018,0,0,1,1,0,0,0,0,0,0,0,0
Sherlock Gnomes,11749,48977,43100000,86,2018,0,0,1,1,1,0,0,0,1,0,0,0
Unsane,11954,33146,7700000,98,2018,0,0,0,0,1,0,0,0,0,0,0,1
"Paul, Apostle of Christ",9985,36787,17500000,108,2018,0,1,0,0,0,0,0,0,0,0,0,0
Final Portrait,9739,53391,46090000,90,2018,0,1,1,0,0,0,0,1,0,0,0,0
Midnight Sun,11292,41268,9600000,91,2018,0,1,0,0,0,0,0,0,0,0,1,0
Ready Player One,11999,46932,137000000,140,2018,1,0,0,1,0,1,1,0,0,1,0,0
God's Not Dead: A Light in Darkness,8814,58266,5700000,106,2018,0,1,0,0,0,0,0,0,0,0,0,0
Gemini,6461,39579,12350000,93,2018,0,0,0,0,1,0,0,0,0,0,0,0
A Quiet Place,11722,47364,68400000,90,2018,0,0,0,0,1,0,0,0,0,0,0,1
Blockers,10964,45589,59800000,102,2018,0,0,1,0,0,0,0,0,0,0,0,0
Chappaquiddick,10086,41832,17400000,101,2018,0,1,0,0,1,0,0,0,0,0,0,0
Beirut,11006,48323,5000000,109,2018,0,1,0,0,1,0,0,0,0,0,0,0
The Seagull,9914,42650,1200000,98,2018,0,1,0,0,0,0,0,0,0,0,0,0
Rampage,11874,45061,99300000,107,2018,1,0,0,1,0,1,0,0,0,1,0,0
Super Troopers 2,11286,40276,30600000,103,2018,0,0,1,0,0,0,0,0,0,0,0,0
Traffik,10953,56024,9200000,96,2018,1,0,0,0,1,1,0,0,0,0,0,0
Avengers: Infinity War,11998,79852,678800000,149,2018,1,0,0,1,0,1,1,0,0,1,0,0
Overboard,10936,46805,50200000,112,2018,0,0,1,0,0,0,0,0,0,0,1,0
Tully,11715,41050,9200000,94,2018,0,1,1,0,0,0,0,0,0,0,0,0
Deadpool 2,11909,48054,324300000,120,2018,1,0,1,1,0,1,1,0,0,0,0,0
Book Club,10938,47344,68500000,104,2018,0,0,1,0,0,0,0,0,0,0,1,0
First Reformed,11020,48517,3400000,113,2018,0,1,0,0,1,0,0,0,0,0,0,0
Show Dogs,11934,72552,17700000,92,2018,0,0,1,1,0,0,0,0,1,0,0,0
Solo: A Star Wars Story,11987,48006,213800000,135,2018,1,0,0,1,0,1,1,0,0,1,0,0
How to Talk to Girls at Parties,9323,39397,8040000,102,2018,0,0,0,0,0,0,0,0,0,1,1,0
American Animals,8862,33549,2900000,116,2018,0,1,0,0,1,0,0,0,0,0,0,0
Ocean's 8,11850,49222,139400000,110,2018,0,1,1,0,0,0,0,0,0,0,0,0
Hereditary,11127,38825,44100000,127,2018,0,0,0,0,1,0,0,0,0,0,0,1
Hotel Artemis,9388,46672,6700000,93,2018,1,0,0,0,1,1,0,0,0,0,0,0
Incredibles 2,11978,48992,608600000,118,2018,1,0,1,1,0,1,0,0,1,0,0,0
Tag,10815,47873,54500000,100,2018,0,0,1,0,0,0,0,0,0,0,0,0
On Chesil Beach,9929,43488,74160000,110,2018,0,1,0,0,0,0,0,0,0,0,1,0
Gotti,8699,46255,4300000,105,2018,0,1,0,0,0,0,0,1,0,0,0,0
Jurassic World: Fallen Kingdom,11906,57613,416700000,128,2018,1,0,0,1,1,1,0,0,0,1,0,0
Boundaries,10612,42607,69840000,104,2018,0,1,1,0,0,0,0,0,0,0,0,0
Damsel,6492,44407,28280000,113,2018,0,0,1,0,0,0,0,0,0,0,0,0
Leave No Trace,9916,34377,6000000,108,2018,0,1,0,0,0,0,0,0,0,0,0,0
Uncle Drew,11026,41071,42500000,104,2018,0,0,1,0,0,0,0,0,0,0,0,0
Woman Walks Ahead,11031,39855,3450000,102,2018,0,1,0,0,0,0,0,0,0,0,0,0
Sorry to Bother You,9670,60282,17500000,105,2018,0,0,1,0,0,0,1,0,0,1,0,0
Hotel Transylvania 3: Summer Vacation,11881,48151,167500000,97,2018,0,0,1,1,0,0,1,0,1,0,0,0
Skyscraper,11811,50630,67800000,102,2018,1,0,0,0,1,1,0,0,0,0,0,0
"Don't Worry, He Won't Get Far on Foot",11639,42186,1400000,113,2018,0,1,1,0,0,0,0,1,0,0,0,0
Shock and Awe,11810,45136,4590000,90,2018,0,1,0,0,0,0,0,0,0,0,0,0
Mamma Mia! Here We Go Again,11571,77445,120600000,114,2018,0,0,1,0,0,0,0,0,0,0,0,0
The Equalizer 2,11880,42140,102000000,121,2018,1,0,0,0,1,1,0,0,0,0,0,0
Puzzle,7445,42541,2000000,103,2018,0,1,0,0,0,0,0,0,0,0,0,0
Christopher Robin,11907,55740,99200000,104,2018,0,0,1,1,0,0,1,0,1,0,0,0
The Darkest Minds,11857,60077,12700000,104,2018,1,0,0,0,1,1,0,0,0,1,0,0
The Spy Who Dumped Me,10818,42772,33500000,116,2018,1,0,1,0,0,1,0,0,0,0,0,0
Never Goin' Back,6608,21075,6110000,86,2018,0,0,1,0,0,0,0,0,0,0,0,0
Dog Days,10760,38374,6800000,113,2018,0,0,1,0,0,0,0,0,0,0,1,0
BlacKkKlansman,11705,58718,48600000,134,2018,0,1,1,0,0,0,0,0,0,0,0,0
Slender Man,11215,49910,30500000,93,2018,0,0,0,0,1,0,0,0,0,0,0,1
Crazy Rich Asians,11891,66046,174500000,120,2018,0,0,1,0,0,0,0,0,0,0,1,0
Mile 22,11902,44602,36100000,95,2018,1,0,0,0,1,1,0,0,0,0,0,0
"Juliet, Naked",10099,51775,3400000,105,2018,0,0,1,0,0,0,0,0,0,0,1,0
The Happytime Murders,10926,55330,20700000,91,2018,0,0,1,0,1,0,0,0,0,0,0,0
Papillon,8863,35070,2300000,133,2018,0,1,0,1,0,0,0,1,0,0,0,0
Operation Finale,11894,51583,17600000,122,2018,0,1,0,0,1,0,0,0,0,0,0,0
Kin,9166,52521,5700000,102,2018,1,0,0,0,1,1,0,0,0,1,0,0
Peppermint,11539,30332,35400000,102,2018,1,0,0,0,1,1,0,0,0,0,0,0
The Predator,11892,44594,51000000,106,2018,1,0,0,1,0,1,0,0,0,1,0,1
White Boy Rick,10102,40862,24000000,111,2018,0,1,0,0,0,0,0,1,0,0,0,0
A Simple Favor,11856,60188,53500000,117,2018,0,0,1,0,1,0,0,0,0,0,0,0
The Children Act,10780,54223,43250000,105,2018,0,1,0,0,0,0,0,0,0,0,0,0
Unbroken: Path to Redemption,10976,33900,6200000,98,2018,0,1,0,0,0,0,0,1,0,0,0,0
Life Itself,9524,47752,4100000,118,2018,0,1,1,0,0,0,0,0,0,0,1,0
The Sisters Brothers,10583,66270,3100000,120,2018,0,1,1,0,0,0,0,0,0,0,0,0
Assassination Nation,8118,53700,2000000,110,2018,1,0,1,0,0,1,0,0,0,0,0,0
The Upside,11691,57653,108200000,126,2019,0,1,1,0,0,0,0,0,0,0,0,0
Colette,10628,29676,5100000,111,2018,0,1,0,0,0,0,0,1,0,0,0,0
Smallfoot,11702,47283,83200000,96,2018,0,0,1,1,0,0,0,0,1,0,0,0
Night School,11758,59400,77200000,111,2018,0,0,1,0,0,0,0,0,0,0,0,0
The Old Man & the Gun,11257,43242,11100000,93,2018,0,1,1,0,1,0,0,0,0,0,0,0
Venom,11855,34710,213500000,112,2018,1,0,0,1,0,1,1,0,0,1,0,0
A Star Is Born,11598,64197,215300000,135,2018,0,1,0,0,0,0,0,0,0,0,1,0
The Happy Prince,7516,54752,46450000,105,2018,0,1,0,0,0,0,0,1,0,0,0,0
First Man,11709,44268,44800000,141,2018,0,1,0,1,0,0,0,1,0,0,0,0
Bad Times at the El Royale,11011,44754,17800000,141,2018,0,1,0,0,1,0,0,0,0,0,0,0
Goosebumps 2: Haunted Halloween,10424,36944,46700000,90,2018,0,0,1,1,0,0,1,0,0,0,0,0
The Oath,5113,52796,38740000,93,2018,0,0,1,0,0,0,0,0,0,0,0,0
Can You Ever Forgive Me?,10876,48896,8800000,106,2018,0,1,1,0,0,0,0,1,0,0,0,0
Wildlife,8097,43787,1000000,104,2018,0,1,0,0,0,0,0,0,0,0,0,0
What They Had,5396,42704,25440000,100,2018,0,1,0,0,0,0,0,0,0,0,0,0
Hunter Killer,10068,47076,15700000,121,2018,1,0,0,0,1,1,0,0,0,0,0,0
Johnny English Strikes Again,11218,52026,4300000,88,2018,0,0,1,1,0,0,0,0,0,0,0,0
Tyler Perry's A Madea Family Funeral,11822,65405,73200000,109,2019,0,0,1,0,0,0,0,0,0,0,0,0
Suspiria,10594,47758,2500000,152,2018,0,0,0,0,1,0,0,0,0,0,0,1
Bohemian Rhapsody,11983,47483,216300000,135,2018,0,1,0,0,0,0,0,1,0,0,0,0
Nobody's Fool,11822,42486,31700000,110,2018,0,0,1,0,0,0,0,0,0,0,1,0
Boy Erased,10761,59419,6700000,115,2018,0,1,0,0,0,0,0,1,0,0,0,0
A Private War,8494,47465,1600000,110,2018,0,1,0,0,0,0,0,1,0,0,0,0
Bodied,10460,20052,11400000,121,2018,0,0,1,0,0,0,0,0,0,0,0,0
The Front Runner,11715,58326,2000000,113,2018,0,1,0,0,0,0,0,1,0,0,0,0
Overlord,10327,52564,21700000,110,2018,1,0,0,0,1,1,0,0,0,0,0,1
Fantastic Beasts: The Crimes of Grindelwald,11993,47874,159400000,134,2018,0,0,0,1,0,0,1,0,0,0,0,0
Instant Family,11736,42590,67300000,119,2018,0,1,1,0,0,0,0,0,0,0,0,0
Ralph Breaks the Internet,11672,48039,201100000,112,2018,0,0,1,1,0,0,0,0,1,0,0,0
Green Book,11896,57526,85100000,130,2018,0,1,1,0,0,0,0,0,0,0,0,0
Robin Hood,10893,62890,30800000,118,2018,1,0,0,1,0,1,0,0,0,0,0,0
The Favourite,11096,42518,34200000,120,2018,0,1,1,0,0,0,0,0,0,0,0,0
Capernaum,10713,27302,1700000,130,2018,0,1,0,0,0,0,0,0,0,0,0,0
Mary Queen of Scots,10488,36284,16400000,124,2018,0,1,0,0,0,0,0,1,0,0,0,0
Ben Is Back,11150,53900,3700000,103,2019,0,1,0,0,1,0,0,0,0,0,0,0
Spider-Man: Into the Spider-Verse,11546,46245,190200000,117,2018,1,0,1,1,0,1,1,0,1,0,0,0
Escape Room,11553,41243,57000000,100,2019,0,0,0,0,1,0,0,0,0,0,0,1
A Dog's Way Home,11419,52693,42000000,96,2019,0,1,0,1,0,0,0,0,1,0,0,0
Glass,11971,47071,111000000,129,2019,0,1,0,0,1,0,0,0,0,0,0,0
The Kid Who Would Be King,10230,51447,16800000,120,2019,0,0,0,1,0,0,1,0,1,0,0,0
Serenity,10053,48371,8500000,103,2019,0,1,0,0,1,0,0,0,0,0,0,0
Miss Bala,11707,37861,15000000,104,2019,1,0,0,0,1,1,0,0,0,0,0,0
Piercing,10514,32877,1420000,81,2019,0,0,1,0,1,0,0,0,0,0,0,1
What Men Want,11849,41552,54600000,117,2019,0,0,1,0,0,0,1,0,0,0,1,0
Isn't It Romantic,10892,53366,48800000,88,2019,0,0,1,0,0,0,1,0,0,0,1,0
Happy Death Day 2U,11477,54929,28000000,100,2019,0,0,1,0,1,0,0,0,0,0,0,1
Alita: Battle Angel,11904,45322,85800000,122,2019,1,0,0,1,0,1,1,0,0,1,0,0
How to Train Your Dragon: The Hidden World,11908,47929,160800000,104,2019,0,0,1,1,0,0,1,0,1,0,0,0
Captain Marvel,11842,48897,426800000,124,2019,1,0,0,1,0,1,1,0,0,1,0,0
The Kid,6996,36446,1500000,100,2019,0,1,0,0,0,0,0,0,0,0,0,0
Captive State,11667,59026,5900000,109,2019,0,0,0,0,1,0,0,0,0,1,0,0
The Aftermath,9495,40120,1600000,109,2019,0,1,0,0,0,0,0,0,0,0,1,0
Five Feet Apart,10950,50373,45700000,116,2019,0,1,0,0,0,0,0,0,0,0,1,0
Triple Threat,4657,45137,7340000,96,2019,1,0,0,0,0,1,0,0,0,0,0,0
Us,11656,37798,175000000,116,2019,0,0,0,0,1,0,0,0,0,0,0,1
Hotel Mumbai,9806,41461,9600000,125,2019,0,1,0,0,1,0,0,0,0,0,0,0
Dumbo,11990,48637,114800000,112,2019,0,1,0,0,0,0,1,0,1,0,0,0
The Beach Bum,10610,67920,3500000,95,2019,0,0,1,0,0,0,0,0,0,0,0,0
Shazam!,11777,53352,140400000,132,2019,1,0,1,1,0,1,1,0,0,0,0,0
Pet Sematary,11057,39180,54700000,101,2019,0,0,0,0,1,0,0,0,0,0,0,1
The Best of Enemies,9150,51757,10200000,133,2019,0,1,0,0,0,0,0,0,0,0,0,0
High Life,8753,42777,1200000,113,2019,0,0,0,1,1,0,0,0,0,1,0,0
Little,9037,54496,40600000,109,2019,0,0,1,0,0,0,1,0,0,0,0,0
Missing Link,11149,60704,16600000,94,2019,0,0,1,1,0,0,0,0,1,0,0,0
Her Smell,5822,41224,25770000,135,2019,0,1,0,0,0,0,0,0,0,0,0,0
Breakthrough,10506,42821,40700000,116,2019,0,1,0,0,0,0,0,0,0,0,0,0
The Curse of La Llorona,11487,54124,54700000,93,2019,0,0,0,0,1,0,0,0,0,0,0,1
Under the Silver Lake,9983,47120,3530000,139,2019,0,0,1,0,1,0,0,0,0,0,0,0
Family,4040,31047,12650000,85,2019,0,0,1,0,0,0,0,0,0,0,0,0
Fast Color,4192,44161,7470000,100,2019,0,1,0,0,1,0,0,0,0,1,0,0
Avengers: Endgame,11998,79831,858400000,181,2019,1,0,0,1,0,1,1,0,0,1,0,0
UglyDolls,11893,68642,20100000,87,2019,0,0,1,1,0,0,0,0,1,0,0,0
Pok√©mon Detective Pikachu,11913,58686,144100000,104,2019,0,0,1,1,1,0,0,0,1,0,0,0
The Hustle,10987,46593,35400000,94,2019,0,0,1,0,0,0,0,0,0,0,0,0
Tolkien,9058,43801,4500000,112,2019,0,1,0,0,0,0,0,1,0,0,0,0
Poms,9583,58650,13600000,91,2019,0,0,1,0,0,0,0,0,0,0,0,0
A Dog's Journey,10839,49969,22500000,108,2019,0,1,1,1,0,0,1,0,1,0,0,0
The Sun Is Also a Star,9939,48122,4900000,100,2019,0,1,0,0,0,0,0,0,0,0,1,0
The Souvenir,7181,42189,1000000,119,2019,0,1,0,0,0,0,0,0,0,0,1,0
The Tomorrow Man,4941,38160,33180000,94,2019,0,1,0,0,0,0,0,0,0,0,1,0
Aladdin,11960,47763,355600000,128,2019,0,0,1,1,0,0,1,0,1,0,1,0
Booksmart,9948,56429,22700000,102,2019,0,0,1,0,0,0,0,0,0,0,0,0
Godzilla: King of the Monsters,11608,45004,110500000,132,2019,1,0,0,1,0,1,0,0,0,1,0,0
Rocketman,11390,43302,96300000,121,2019,0,1,0,0,0,0,0,1,0,0,0,0
Dark Phoenix,11392,46996,65800000,114,2019,1,0,0,1,0,1,1,0,0,1,0,0
The Secret Life of Pets 2,11974,48561,158200000,86,2019,0,0,1,1,0,0,0,0,1,0,0,0
Late Night,9874,37832,15500000,102,2019,0,1,1,0,0,0,0,0,0,0,0,0
Downton Abbey,11293,45066,96800000,122,2019,0,1,0,0,0,0,0,0,0,0,0,0
Men in Black: International,11951,41719,80000000,115,2019,1,0,1,1,0,1,0,0,0,1,0,0
The Dead Don't Die,10935,68720,6500000,103,2019,0,0,1,0,0,0,0,0,0,0,0,1
Being Frank,2477,29729,6540000,109,2019,0,0,1,0,0,0,0,0,0,0,0,0
Toy Story 4,11834,48879,434000000,100,2019,0,0,1,1,0,0,1,0,1,0,0,0
Anna,11865,41626,7700000,119,2019,1,0,0,0,1,1,0,0,0,0,0,0
Child's Play,10446,44554,29200000,90,2019,0,0,0,0,1,0,0,0,0,0,0,1
Annabelle Comes Home,11368,53938,74100000,106,2019,0,0,0,0,1,0,0,0,0,0,0,1
Yesterday,11812,66690,73200000,116,2019,0,0,1,0,0,0,0,0,0,0,1,0
Ophelia,5006,56805,5070000,114,2019,0,1,0,0,0,0,0,0,0,0,1,0
Spider-Man: Far From Home,11939,49356,390700000,129,2019,1,0,1,1,0,1,1,0,0,0,0,0
Midsommar,11127,48757,27400000,145,2019,0,0,0,0,1,0,0,0,0,0,0,1
Stuber,10480,40028,22400000,93,2019,1,0,1,0,0,1,0,0,0,0,0,0
Crawl,11497,39486,39000000,87,2019,0,0,0,0,1,0,0,0,0,0,0,1
The Lion King,11988,48693,543600000,118,2019,0,0,0,1,0,0,0,0,1,0,0,0
Fast & Furious Presents: Hobbs & Shaw,11909,66285,173800000,138,2019,1,0,1,1,0,1,0,0,0,0,0,0
Dora and the Lost City of Gold,11724,42861,60500000,102,2019,0,0,1,1,1,0,0,0,1,0,0,0
The Kitchen,9557,45902,12200000,102,2019,0,1,0,0,0,0,0,0,0,0,0,0
The Art of Racing in the Rain,11136,32786,26400000,109,2019,0,1,1,0,0,0,0,0,0,0,0,0
The Peanut Butter Falcon,9896,62551,20500000,96,2019,0,1,1,1,0,0,0,0,0,0,0,0
After the Wedding,9757,54343,1600000,112,2019,0,1,0,0,0,0,0,0,0,0,0,0
The Angry Birds Movie 2,11199,46230,41700000,96,2019,0,0,1,1,0,0,0,0,1,0,0,0
Good Boys,11052,55277,83100000,95,2019,0,0,1,0,0,0,0,0,0,0,0,0
Blinded by the Light,11170,44757,11900000,114,2019,0,1,1,0,0,0,0,0,0,0,0,0
"Where'd You Go, Bernadette",11491,65398,9200000,104,2019,0,0,1,0,0,0,0,0,0,0,0,0
Angel Has Fallen,11372,65024,69000000,121,2019,1,0,0,0,1,1,0,0,0,0,0,0
Brittany Runs a Marathon,8820,37932,7100000,103,2019,0,1,1,0,0,0,0,0,0,0,0,0
Overcomer,11287,39905,34700000,115,2019,0,1,0,0,0,0,0,0,0,0,0,0
Official Secrets,11706,39072,2000000,112,2019,0,1,0,0,1,0,0,0,0,0,0,0
Don't Let Go,8465,43351,5200000,103,2019,0,1,0,0,1,0,0,0,0,0,0,0
The Goldfinch,10859,44124,5300000,149,2019,0,1,0,0,0,0,0,0,0,0,0,0
Hustlers,11240,44350,105000000,110,2019,0,1,1,0,0,0,0,0,0,0,0,0
Ad Astra,11374,44014,50200000,124,2019,0,0,0,1,1,0,0,0,0,1,0,0
Rambo: Last Blood,10939,33596,44800000,89,2019,1,0,0,0,0,1,0,0,0,0,0,0
Judy,10551,43051,24300000,118,2019,0,1,0,0,0,0,0,1,0,0,0,0
Joker,11973,35503,335400000,122,2019,0,1,0,0,0,0,0,0,0,0,0,0
Lucy in the Sky,4832,41788,31500000,124,2019,0,1,0,0,0,0,0,0,0,0,0,0
Gemini Man,11916,58122,48500000,117,2019,1,0,0,0,1,1,1,0,0,1,0,0
The Addams Family,11958,75351,67300000,87,2019,0,0,1,0,0,0,0,0,1,0,0,0
Jexi,11528,56907,6500000,84,2019,0,0,1,0,0,0,0,0,0,0,0,0
Zombieland: Double Tap,11855,47490,73100000,99,2019,1,0,1,0,0,1,0,0,0,0,0,1
Jojo Rabbit,11817,43219,33400000,108,2019,0,1,1,0,0,0,0,0,0,0,0,0
Black and Blue,10953,37971,22000000,108,2019,1,1,0,0,1,1,0,0,0,0,0,0
Countdown,10396,29553,25600000,90,2019,0,0,1,0,1,0,0,0,0,0,0,1
Terminator: Dark Fate,11824,46747,62200000,128,2019,1,0,0,0,0,1,0,0,0,1,0,0
Harriet,10766,44531,43000000,125,2019,0,1,0,0,0,0,0,1,0,0,0,0
Arctic Dogs,9174,43758,5800000,93,2019,0,0,1,1,0,0,0,0,1,0,0,0
Doctor Sleep,11306,54004,31600000,151,2019,0,0,0,0,1,0,0,0,0,0,0,1
Last Christmas,11856,56736,35100000,102,2019,0,0,1,0,0,0,0,0,0,0,1,0
Midway,11984,48061,56800000,138,2019,0,1,0,0,0,0,0,0,0,0,0,0
Ford v Ferrari,11941,41172,117600000,152,2019,0,1,0,0,0,0,0,1,0,0,0,0
Charlie's Angels,11561,46047,17800000,118,2019,1,0,1,1,0,1,0,0,0,0,0,0
Frozen II,11962,47718,477400000,103,2019,0,0,1,1,0,0,0,0,1,0,0,0
A Beautiful Day in the Neighborhood,10876,44761,61700000,107,2019,0,1,0,0,0,0,0,1,0,0,0,0
21 Bridges,10411,44747,28500000,99,2019,1,1,0,0,1,1,0,0,0,0,0,0
Knives Out,11929,48575,165400000,130,2019,0,1,1,0,1,0,0,0,0,0,0,0
Queen & Slim,10482,43777,43800000,132,2019,0,1,0,0,0,0,0,0,0,0,1,0
The Aeronauts,10639,40277,3000000,101,2019,0,1,0,1,0,0,0,0,0,0,0,0
Jumanji: The Next Level,11949,49457,316800000,123,2019,1,0,1,1,0,1,1,0,0,0,0,0
Richard Jewell,11976,44989,22300000,131,2019,0,1,0,0,0,0,0,0,0,0,0,0
Black Christmas,9684,39161,10400000,92,2019,0,0,0,0,1,0,0,0,0,0,0,1
Bombshell,11926,47047,31700000,108,2019,0,1,0,0,0,0,0,0,0,0,0,0
Seberg,6791,45687,41380000,103,2019,0,1,0,0,0,0,0,1,0,0,0,0
A Hidden Life,11296,36447,1700000,174,2019,0,1,0,0,0,0,0,1,0,0,0,0
Star Wars: The Rise of Skywalker,11991,49646,515200000,142,2019,1,0,0,1,0,1,1,0,0,1,0,0
Cats,11819,47037,27200000,110,2019,0,1,1,0,0,0,0,0,0,0,0,0
Spies in Disguise,11233,46322,66700000,102,2019,1,0,1,1,0,1,0,0,1,0,0,0
Little Women,11457,43733,108100000,135,2019,0,1,0,0,0,0,0,0,0,0,0,0
1917,11970,41648,159200000,119,2020,0,1,0,0,0,0,0,0,0,0,0,0
Clemency,4979,36575,36170000,113,2019,0,1,0,0,0,0,0,0,0,0,0,0
Monster Trucks,11741,43568,33200000,105,2017,1,0,1,1,0,1,1,0,0,0,0,0
The Bye Bye Man,10137,47050,22400000,96,2017,0,0,0,0,1,0,0,0,0,0,0,1
Sleepless,10362,46076,20700000,95,2017,1,0,0,0,1,1,0,0,0,0,0,0
Split,11971,43572,138100000,117,2017,0,0,0,0,1,0,0,0,0,0,0,1
The Resurrection of Gavin Stone,7846,32221,2300000,92,2017,0,1,1,0,0,0,0,0,0,0,0,0
Sophie and the Rising Sun,5546,32976,3030000,116,2017,0,1,0,0,0,0,0,0,0,0,1,0
The Space Between Us,11570,55272,7800000,120,2017,0,0,0,1,0,0,0,0,0,0,1,0
Fifty Shades Darker,11801,51557,114400000,118,2017,0,1,0,0,0,0,0,0,0,0,1,0
John Wick: Chapter 2,11695,73997,92000000,122,2017,1,0,0,0,1,1,0,0,0,0,0,0
A Cure for Wellness,11980,52404,7500000,140,2017,0,1,0,0,1,0,0,0,0,0,0,1
Fist Fight,10349,46088,32200000,91,2017,0,0,1,0,0,0,0,0,0,0,0,0
Get Out,11656,58057,176000000,104,2017,0,0,1,0,1,0,0,0,0,0,0,1
Rock Dog,9926,43678,9400000,90,2017,0,0,1,1,0,0,0,0,1,0,0,0
Collide,9076,47997,2200000,94,2017,1,0,0,0,1,1,0,0,0,0,0,0
Logan,11941,63958,226300000,137,2017,1,0,0,1,0,1,1,0,0,0,0,0
The Shack,10985,54022,57200000,132,2017,0,1,0,0,0,0,0,0,0,0,0,0
Before I Fall,9939,54845,12200000,100,2017,0,1,0,0,1,0,0,0,0,0,0,0
Table 19,9357,43505,3600000,87,2017,0,1,1,0,0,0,0,0,0,0,0,0
The Last Word,11055,47644,1800000,108,2017,0,1,1,0,0,0,0,0,0,0,0,0
Kong: Skull Island,11692,49495,168000000,118,2017,1,0,0,1,0,1,1,0,0,1,0,0
Beauty and the Beast,11968,49122,504000000,129,2017,0,0,0,0,0,0,1,0,1,0,1,0
Song to Song,11296,48529,42190000,129,2017,0,1,0,0,0,0,0,0,0,0,1,0
Wilson,8680,41118,65300000,94,2017,0,0,1,0,0,0,0,0,0,0,0,0
Ghost in the Shell,11694,52666,40500000,107,2017,1,0,0,1,0,1,0,0,0,1,0,0
The Boss Baby,11965,63056,174900000,97,2017,0,0,1,1,0,0,0,0,1,0,0,0
The Zookeeper's Wife,11309,26801,17400000,125,2017,0,1,0,0,0,0,0,1,0,0,0,0
The Blackcoat's Daughter,9856,41562,2000000,93,2017,0,0,0,0,1,0,0,0,0,0,0,1
The Case for Christ,10181,39327,14700000,112,2017,0,1,0,0,0,0,0,1,0,0,0,0
Smurfs: The Lost Village,11893,43080,45000000,91,2017,0,0,1,1,0,0,1,0,1,0,0,0
Going in Style,11107,46786,45000000,96,2017,0,0,1,0,0,0,0,0,0,0,0,0
Colossal,8513,39782,3000000,110,2017,0,0,1,0,0,0,1,0,0,0,0,0
Gifted,11899,44006,24800000,101,2017,0,1,0,0,0,0,0,0,0,0,0,0
The Fate of the Furious,11951,49553,225700000,136,2017,1,0,0,1,1,1,0,0,0,0,0,0
The Lost City of Z,11374,60917,8600000,141,2017,0,1,0,1,0,0,0,1,0,0,0,0
My Entire High School Sinking Into the Sea,3011,37124,5730000,72,2017,0,0,1,1,0,0,0,0,0,0,0,0
Unforgettable,9571,37887,11300000,100,2017,0,0,0,0,1,0,0,0,0,0,0,0
The Circle,10541,47149,20500000,110,2017,0,1,0,0,1,0,0,0,0,1,0,0
How to Be a Latin Lover,10760,45659,32100000,115,2017,0,0,1,0,0,0,0,0,0,0,0,0
Guardians of the Galaxy Vol. 2,11931,49916,389800000,135,2017,1,0,1,1,0,1,1,0,0,1,0,0
3 Generations,7034,52570,6640000,94,2017,0,1,1,0,0,0,0,0,0,0,0,0
Paul Blart: Mall Cop 2,11719,46397,71000000,94,2015,0,0,1,0,0,0,0,0,0,0,0,0
King Arthur: Legend of the Sword,11960,60829,39100000,126,2017,1,0,0,1,0,1,1,0,0,0,0,0
Snatched,11488,45690,45800000,90,2017,1,0,1,1,0,1,0,0,0,0,0,0
Lowriders,8625,36819,6200000,99,2017,0,1,0,0,0,0,0,0,0,0,0,0
Alien: Covenant,11986,63654,74200000,122,2017,0,0,0,0,1,0,0,0,0,1,0,1
"Everything, Everything",10866,36967,34100000,96,2017,0,1,0,0,0,0,0,0,0,0,1,0
Wakefield,6194,49620,25940000,109,2017,0,1,0,0,0,0,0,0,0,0,0,0
Baywatch,11753,72781,58000000,116,2017,1,0,1,0,0,1,0,0,0,0,0,0
Wonder Woman,11828,45186,412800000,141,2017,1,0,0,1,0,1,1,0,0,0,0,0
Captain Underpants: The First Epic Movie,11583,42096,73900000,89,2017,0,0,1,1,0,0,0,0,1,0,0,0
The Mummy,11589,47714,80100000,107,2017,1,0,0,1,0,1,1,0,0,0,0,1
It Comes at Night,9864,48226,14000000,97,2017,0,0,0,0,1,0,0,0,0,0,0,1
My Cousin Rachel,11657,41406,2700000,106,2017,0,1,0,0,1,0,0,0,0,0,1,0
Megan Leavey,9643,57489,13400000,116,2017,0,1,0,0,0,0,0,1,0,0,0,0
Beatriz at Dinner,11262,44985,7100000,83,2017,0,0,1,0,0,0,0,0,0,0,0,0
Cars 3,11558,44728,152900000,109,2017,0,0,1,1,0,0,0,0,1,0,0,0
Rough Night,10465,63339,22100000,96,2017,0,0,1,0,0,0,0,0,0,0,0,0
The Book of Henry,11915,45559,4200000,100,2017,0,1,0,0,1,0,0,0,0,0,0,0
Transformers: The Last Knight,11995,40278,130100000,148,2017,1,0,0,1,0,1,1,0,0,1,0,0
The Beguiled,11393,41597,10500000,94,2017,0,1,0,0,0,0,0,0,0,0,0,0
The Big Sick,10798,45375,42900000,120,2017,0,0,1,0,0,0,0,0,0,0,1,0
The Bad Batch,6108,61459,18090000,118,2017,0,0,0,0,1,0,0,0,0,0,0,1
Baby Driver,11622,47441,107800000,113,2017,1,0,0,0,1,1,0,0,0,0,0,0
Despicable Me 3,11982,47706,264600000,90,2017,0,0,1,1,0,0,0,0,1,0,0,0
The Little Hours,7274,43023,1600000,90,2017,0,0,1,0,0,0,0,0,0,0,0,0
Spider-Man: Homecoming,11939,73848,334400000,133,2017,1,0,1,1,0,1,1,0,0,0,0,0
War for the Planet of the Apes,11883,64299,146800000,142,2017,1,0,0,1,0,1,0,0,0,1,0,0
Dunkirk,11992,56427,188000000,107,2017,0,1,0,0,0,0,0,0,0,0,0,0
Girls Trip,11758,41367,115100000,122,2017,0,0,1,0,0,0,0,0,0,0,0,0
Atomic Blonde,11909,44165,51500000,115,2017,1,0,0,0,1,1,0,0,0,0,0,0
The Emoji Movie,11396,47138,86100000,86,2017,0,0,1,1,0,0,0,0,1,0,0,0
Detroit,11549,43018,16800000,143,2017,0,1,0,0,0,0,0,0,0,0,0,0
Brigsby Bear,5804,31230,53260000,97,2017,0,0,1,0,0,0,0,0,0,0,0,0
The Dark Tower,11140,43403,50700000,95,2017,1,0,0,1,0,1,1,0,0,0,0,0
Wind River,10680,37059,33800000,111,2017,0,1,0,0,1,0,0,0,0,0,0,0
The Glass Castle,11647,52880,17200000,127,2017,0,1,0,0,0,0,0,1,0,0,0,0
The Nut Job 2: Nutty by Nature,11361,45910,28300000,91,2017,0,0,1,1,0,0,0,0,1,0,0,0
Ingrid Goes West,7906,55147,3000000,98,2017,0,1,1,0,0,0,0,0,0,0,0,0
The Only Living Boy in New York,11899,47653,62300000,90,2017,0,1,0,0,0,0,0,0,0,0,1,0
The Hitman's Bodyguard,11624,48060,75400000,118,2017,1,0,1,0,0,1,0,0,0,0,0,0
Logan Lucky,11954,65087,27800000,119,2017,0,1,1,0,0,0,0,0,0,0,0,0
Film Stars Don't Die in Liverpool,11229,60951,1000000,106,2017,0,1,0,0,0,0,0,1,0,0,1,0
Tulip Fever,11042,41204,2400000,107,2017,0,1,0,0,0,0,0,0,0,0,1,0
It,11632,55836,327500000,135,2017,0,0,0,0,1,0,0,0,0,0,0,1
Home Again,10285,58119,27000000,97,2017,0,0,1,0,0,0,0,0,0,0,1,0
9/11,4104,53934,17200000,90,2017,0,1,0,0,0,0,0,0,0,0,0,0
American Assassin,10803,62811,36200000,111,2017,1,0,0,0,1,1,0,0,0,0,0,0
Brad's Status,8345,41173,2100000,102,2017,0,1,1,0,0,0,0,0,0,0,0,0
Kingsman: The Golden Circle,11886,48201,100200000,141,2017,1,0,1,1,0,1,0,0,0,0,0,0
Stronger,11698,41185,4200000,119,2017,0,1,0,0,0,0,0,1,0,0,0,0
Battle of the Sexes,11123,41374,12600000,121,2017,0,1,1,0,0,0,0,0,0,0,0,0
Woodshock,1610,34767,4110000,101,2017,0,1,0,0,0,0,0,0,0,0,0,0
Victoria & Abdul,11710,39430,22200000,110,2017,0,1,0,0,0,0,0,1,0,0,0,0
American Made,11895,60903,51300000,115,2017,0,1,1,1,0,0,0,0,0,0,0,0
Flatliners,10701,40973,16900000,108,2017,0,0,0,0,1,0,0,0,0,1,0,0
Mark Felt: The Man Who Brought Down the White House,10574,40043,76790000,103,2017,0,1,0,0,0,0,0,1,0,0,0,0
Blade Runner 2049,11830,46491,91500000,164,2017,0,0,0,0,1,0,0,0,0,1,0,0
The Mountain Between Us,10694,53235,30300000,104,2017,0,1,0,1,0,0,0,0,0,0,1,0
My Little Pony: The Movie,10664,66754,21800000,99,2017,0,0,1,1,0,0,1,0,1,0,0,0
The Florida Project,9331,43427,5800000,115,2017,0,1,0,0,0,0,0,0,0,0,0,0
Happy Death Day,11477,49368,55700000,96,2017,0,0,1,0,1,0,0,0,0,0,0,1
Marshall,10829,47733,10000000,118,2017,0,1,0,0,0,0,0,1,0,0,0,0
Goodbye Christopher Robin,11136,49997,1700000,107,2017,0,1,0,0,0,0,0,1,0,0,0,0
Geostorm,11360,62178,33400000,109,2017,1,0,0,1,0,1,0,0,0,1,0,0
Only the Brave,11744,46606,18100000,134,2017,0,1,0,1,0,0,0,0,0,0,0,0
Same Kind of Different as Me,8665,46930,6400000,119,2017,0,1,0,0,0,0,0,0,0,0,0,0
Wonderstruck,11076,55460,1000000,117,2017,0,1,0,1,0,0,0,0,0,0,0,0
The Killing of a Sacred Deer,11096,55482,2300000,121,2017,0,0,0,0,1,0,0,0,0,0,0,1
Thank You for Your Service,9107,52177,9400000,108,2017,0,1,0,0,0,0,0,1,0,0,0,0
Suburbicon,11551,49286,5700000,105,2017,0,0,1,0,1,0,0,0,0,0,0,0
Jigsaw,11321,52113,38000000,92,2017,0,0,0,0,1,0,0,0,0,0,0,1
All I See Is You,11907,50018,580000,110,2017,0,1,0,0,0,0,0,0,0,0,0,0
Amityville: The Awakening,8870,33661,742,85,2017,0,0,0,0,1,0,0,0,0,0,0,1
Thor: Ragnarok,11817,49443,315000000,130,2017,1,0,1,1,0,1,1,0,0,1,0,0
A Bad Moms Christmas,11528,46605,72100000,104,2017,0,0,1,0,0,0,0,0,0,0,0,0
Last Flag Flying,11491,58018,96030000,124,2017,0,1,1,0,0,0,0,0,0,0,0,0
Lady Bird,11457,46183,48900000,94,2017,0,1,1,0,0,0,0,0,0,0,0,0
Murder on the Orient Express,11914,73105,101500000,114,2017,0,1,0,0,1,0,0,0,0,0,0,0
Daddy's Home 2,11736,48214,104000000,98,2017,0,0,1,0,0,0,0,0,0,0,0,0
LBJ,11810,38754,2500000,98,2017,0,1,0,0,0,0,0,1,0,0,0,0
"Three Billboards Outside Ebbing, Missouri",11365,40461,54100000,115,2017,0,1,1,0,0,0,0,0,0,0,0,0
Justice League,11972,49148,227000000,119,2017,1,0,0,1,0,1,1,0,0,0,0,0
The Star,10681,73029,40400000,86,2017,0,0,1,1,0,0,0,0,1,0,0,0
"Roman J. Israel, Esq.",10689,48431,11700000,117,2017,0,1,0,0,1,0,0,0,0,0,0,0
Darkest Hour,11754,46336,56300000,125,2017,0,1,0,0,0,0,0,1,0,0,0,0
The Man Who Invented Christmas,10060,40672,5700000,104,2017,0,1,0,0,0,0,0,1,0,0,0,0
Call Me by Your Name,10594,31637,18000000,132,2018,0,1,0,0,0,0,0,0,0,0,1,0
The Disaster Artist,10069,48331,21100000,103,2017,0,1,1,0,0,0,0,0,0,0,0,0
The Shape of Water,11853,42726,63300000,123,2017,0,0,0,0,0,0,1,0,0,0,1,0
Wonder Wheel,11873,41941,1200000,101,2017,0,1,0,0,0,0,0,0,0,0,0,0
"I, Tonya",11576,43204,30000000,121,2018,0,1,1,0,0,0,0,1,0,0,0,0
Just Getting Started,11479,60172,5500000,91,2017,0,0,1,0,0,0,0,0,0,0,0,0
Star Wars: The Last Jedi,11929,49646,620200000,152,2017,1,0,0,1,0,1,1,0,0,1,0,0
Ferdinand,11969,46017,84200000,108,2017,0,0,1,1,0,0,0,0,1,0,0,0
Jumanji: Welcome to the Jungle,11949,73405,404600000,119,2017,1,0,1,1,0,1,1,0,0,0,0,0
The Greatest Showman,11600,48940,174000000,105,2017,0,1,0,0,0,0,0,1,0,0,0,0
Pitch Perfect 3,11412,47749,104900000,94,2017,0,0,1,0,0,0,0,0,0,0,0,0
Downsizing,11648,68642,24400000,135,2017,0,1,1,0,0,0,1,0,0,1,0,0
The Post,11999,39218,81400000,115,2018,0,1,0,0,0,0,0,0,0,0,0,0
Hostiles,11341,45954,29800000,133,2018,0,1,0,0,0,0,0,0,0,0,0,0
All the Money in the World,11986,41907,24800000,132,2017,0,1,0,0,1,0,0,0,0,0,0,0
Molly's Game,10568,42283,28700000,141,2018,0,1,0,0,0,0,0,1,0,0,0,0
Phantom Thread,11467,41675,20900000,130,2018,0,1,0,0,0,0,0,0,0,0,1,0
Anesthesia,9594,39505,2240000,89,2016,0,1,0,0,0,0,0,0,0,0,0,0
Ride Along 2,11884,45979,90800000,101,2016,1,0,1,0,0,1,0,0,0,0,0,0
13 Hours: The Secret Soldiers of Benghazi,11995,51278,52800000,144,2016,0,1,0,0,1,0,0,0,0,0,0,0
Norm of the North,10109,44598,17000000,90,2016,0,0,1,1,0,0,0,0,1,0,0,0
Kung Fu Panda 3,11857,47522,143500000,95,2016,0,0,1,1,0,0,0,0,1,0,0,0
The Finest Hours,11576,65472,27600000,116,2016,1,1,0,1,1,1,0,0,0,0,0,0
Fifty Shades of Black,10421,60772,11700000,92,2016,0,0,1,0,0,0,0,0,0,0,0,0
"Hail, Caesar!",11846,48996,30000000,106,2016,0,0,1,0,0,0,0,0,0,0,0,0
The Choice,9934,45085,18700000,111,2016,0,1,0,0,0,0,0,0,0,0,1,0
Deadpool,11824,44945,363100000,108,2016,1,0,1,1,0,1,1,0,0,0,0,0
How to Be Single,11027,46737,46800000,110,2016,0,0,1,0,0,0,0,0,0,0,1,0
Race,11603,53423,19100000,134,2016,0,1,0,0,0,0,0,1,0,0,0,0
Gods of Egypt,11761,42476,31100000,121,2016,1,0,0,1,0,1,1,0,0,0,0,0
Triple 9,10852,71072,12600000,115,2016,1,1,0,0,1,1,0,0,0,0,0,0
London Has Fallen,11343,65880,62500000,99,2016,1,0,0,0,1,1,0,0,0,0,0,0
Whiskey Tango Foxtrot,11533,42832,23000000,111,2016,0,1,1,0,0,0,0,1,0,0,0,0
10 Cloverfield Lane,11040,45150,72100000,103,2016,0,0,0,0,1,0,0,0,0,0,0,0
The Perfect Match,11128,48186,9700000,96,2016,0,0,1,0,0,0,0,0,0,0,1,0
"Hello, My Name Is Doris",10798,55903,14400000,90,2016,0,1,1,0,0,0,0,0,0,0,0,0
The Divergent Series: Allegiant,11838,47682,66200000,121,2016,1,0,0,1,0,1,0,0,0,1,0,0
The Bronze,5746,30322,61570000,100,2016,0,0,1,0,0,0,0,0,0,0,0,0
Midnight Special,10623,47636,3700000,111,2016,0,0,0,0,1,0,0,0,0,1,0,0
Batman v Superman: Dawn of Justice,11972,49113,330200000,153,2016,1,0,0,1,0,1,1,0,0,1,0,0
My Big Fat Greek Wedding 2,11543,43051,59600000,94,2016,0,0,1,0,0,0,0,0,0,0,1,0
I Saw the Light,8638,35850,1600000,123,2016,0,1,0,0,0,0,0,1,0,0,0,0
Everybody Wants Some!!,11491,35335,3400000,116,2016,0,0,1,0,0,0,0,0,0,0,0,0
God's Not Dead 2,10976,39016,20800000,121,2016,0,1,0,0,0,0,0,0,0,0,0,0
Meet the Blacks,10953,38151,9100000,93,2016,0,0,1,0,0,0,0,0,0,0,0,0
Miles Ahead,8419,52067,2600000,96,2016,0,1,0,0,0,0,0,1,0,0,0,0
The Boss,11388,64418,63000000,99,2016,0,0,1,0,0,0,0,0,0,0,0,0
The Jungle Book,11988,49014,364000000,105,2016,1,0,0,1,0,1,1,0,1,0,0,0
Barbershop: The Next Cut,11758,48254,54000000,112,2016,0,0,1,0,0,0,0,0,0,0,0,0
Criminal,10404,49020,14700000,113,2016,1,0,0,0,1,1,0,0,0,0,0,0
Green Room,8235,37761,3200000,94,2016,0,0,0,0,1,0,0,0,0,0,0,1
The Huntsman: Winter's War,11234,48044,48000000,114,2016,1,0,0,1,0,1,1,0,0,0,0,0
Elvis & Nixon,7174,45323,1000000,86,2016,0,0,1,0,0,0,0,0,0,0,0,0
Keanu,9789,65032,20600000,100,2016,1,0,1,0,0,1,0,0,0,0,0,0
Ratchet & Clank,11078,66463,8800000,94,2016,1,0,1,1,0,1,0,0,1,1,0,0
Captain America: Civil War,11998,79676,408100000,146,2016,1,0,0,1,0,1,1,0,0,0,0,0
Money Monster,11178,41091,41000000,98,2016,0,1,0,0,1,0,0,0,0,0,0,0
Love & Friendship,10242,42434,14000000,93,2016,0,0,1,0,0,0,0,0,0,0,0,0
The Angry Birds Movie,11520,48514,107500000,93,2016,1,0,1,1,0,1,0,0,1,0,0,0
Inside Out,11952,45970,2000000,95,2015,0,0,1,0,0,0,1,0,1,0,0,0
Neighbors 2: Sorority Rising,11778,70370,55300000,92,2016,0,0,1,0,0,0,0,0,0,0,0,0
The Nice Guys,11892,44124,36200000,116,2016,1,0,1,0,1,1,0,0,0,0,0,0
X-Men: Apocalypse,11983,48650,155000000,143,2016,1,0,0,1,0,1,1,0,0,1,0,0
Alice Through the Looking Glass,11724,46795,77000000,113,2016,0,0,0,1,0,0,1,0,0,0,0,0
Me Before You,11324,44055,56200000,110,2016,0,1,0,0,0,0,0,0,0,0,1,0
Popstar: Never Stop Never Stopping,10813,39062,9400000,86,2016,0,0,1,0,0,0,0,0,0,0,0,0
The Conjuring 2,11981,50275,102500000,133,2016,0,0,0,0,1,0,0,0,0,0,0,1
Warcraft,11708,44620,47200000,123,2016,1,0,0,1,0,1,1,0,0,0,0,0
Now You See Me 2,11891,48927,65000000,129,2016,0,0,1,1,0,0,0,0,0,0,0,0
Finding Dory,11964,71764,486200000,103,2016,0,0,1,1,0,0,0,0,1,0,0,0
Central Intelligence,11811,60468,127400000,107,2016,1,0,1,0,0,1,0,0,0,0,0,0
Independence Day: Resurgence,11984,43187,103100000,120,2016,1,0,0,1,0,1,0,0,0,1,0,0
Free State of Jones,11850,46961,20800000,139,2016,0,1,0,0,0,0,0,1,0,0,0,0
The Neon Demon,10947,46039,1300000,117,2016,0,0,0,0,1,0,0,0,0,0,0,1
The Legend of Tarzan,11993,62912,126600000,110,2016,1,1,0,1,0,1,0,0,0,0,0,0
The BFG,11999,44170,55500000,115,2016,0,0,0,1,0,0,1,0,1,0,0,0
The Purge: Election Year,11486,43000,79000000,109,2016,1,0,0,0,1,1,0,0,0,0,0,1
The Secret Life of Pets,11974,48326,368300000,91,2016,0,0,1,1,0,0,0,0,1,0,0,0
Captain Fantastic,9818,40622,5900000,119,2016,0,1,1,0,0,0,0,0,0,0,0,0
Mike and Dave Need Wedding Dates,10806,45010,46000000,98,2016,0,0,1,0,0,0,0,0,0,0,0,0
The Infiltrator,11248,44404,15400000,127,2016,0,1,0,0,1,0,0,1,0,0,0,0
Star Trek Beyond,11967,49274,158800000,122,2016,1,0,0,1,0,1,1,0,0,1,0,0
Ice Age: Collision Course,11574,46137,64000000,94,2016,0,0,1,1,0,0,0,0,1,0,0,0
Lights Out,11777,52803,67300000,77,2016,0,0,0,0,1,0,0,0,0,0,0,1
Nerve,11606,52770,38600000,96,2016,1,0,0,0,1,1,0,0,0,0,0,0
Jason Bourne,11903,45993,162200000,123,2016,1,0,0,0,1,1,0,0,0,0,0,0
Bad Moms,11528,40818,113200000,101,2016,0,0,1,0,0,0,0,0,0,0,0,0
Nine Lives,11955,62302,19600000,89,2016,0,0,1,0,0,0,1,0,0,0,0,0
Pete's Dragon,11257,37306,555,103,2016,0,0,0,1,0,0,1,0,1,0,0,0
Sausage Party,11958,48640,97700000,89,2016,0,0,1,1,0,0,0,0,0,0,0,0
Florence Foster Jenkins,11710,40962,27400000,110,2016,0,1,1,0,0,0,0,1,0,0,0,0
Ben-Hur,11745,43015,26400000,125,2016,1,1,0,1,0,1,0,0,0,0,0,0
Kubo and the Two Strings,11682,64645,48000000,102,2016,1,0,0,1,0,1,1,0,1,0,0,0
War Dogs,11973,45242,43000000,114,2016,0,1,1,0,0,0,0,0,0,0,0,0
Mechanic: Resurrection,11265,55212,21200000,99,2016,1,0,0,1,1,1,0,0,0,0,0,0
Hands of Stone,8775,57486,4700000,105,2016,0,1,0,0,0,0,0,1,0,0,0,0
The Light Between Oceans,10899,38923,12500000,133,2016,0,1,0,0,0,0,0,0,0,0,1,0
Morgan,8807,34521,3900000,88,2016,0,0,0,0,1,0,0,0,0,1,0,1
When the Bough Breaks,10115,56730,29700000,102,2016,0,1,0,0,0,0,0,0,0,0,0,0
Bridget Jones's Baby,11642,61516,24100000,122,2016,0,0,1,0,0,0,0,0,0,0,1,0
Snowden,11871,43998,21600000,134,2016,0,1,0,0,1,0,0,1,0,0,0,0
The Magnificent Seven,11880,69063,93400000,128,2016,1,0,0,1,0,1,0,0,0,0,0,0
Storks,11778,45763,72700000,83,2016,0,0,1,1,0,0,0,0,1,0,0,0
Miss Peregrine's Home for Peculiar Children,11990,47543,87200000,121,2016,1,1,0,1,1,1,1,0,0,0,0,0
Queen of Katwe,11099,41987,8900000,124,2016,0,1,0,0,0,0,0,1,0,0,0,0
Masterminds,11255,68107,17300000,95,2016,1,0,1,0,0,1,0,0,0,0,0,0
The Birth of a Nation,9617,44639,15800000,114,2016,0,1,0,0,0,0,0,1,0,0,0,0
Kevin Hart: What Now?,9917,59167,23600000,96,2016,0,0,1,0,0,0,0,0,0,0,0,0
Max Steel,10140,42082,3800000,92,2016,1,0,0,1,0,1,1,0,0,1,0,0
Ouija: Origin of Evil,11306,46735,34900000,99,2016,0,0,0,0,1,0,0,0,0,0,0,1
American Pastoral,7208,59152,54150000,108,2016,0,1,0,0,0,0,0,0,0,0,0,0
Inferno,11987,43261,34300000,116,2016,1,0,0,1,1,1,0,0,0,0,0,0
Doctor Strange,11858,49229,232600000,115,2016,1,0,0,1,0,1,1,0,0,0,0,0
Trolls,11922,47094,153600000,88,2016,0,0,1,1,0,0,1,0,1,0,0,0
Hacksaw Ridge,11844,45119,67000000,139,2016,0,1,0,0,0,0,0,1,0,0,0,0
Loving,10623,49408,7600000,123,2016,0,1,0,0,0,0,0,1,0,0,0,0
Arrival,11830,43969,100500000,116,2016,0,1,0,0,1,0,0,0,0,1,0,0
Billy Lynn's Long Halftime Walk,11916,65383,1700000,108,2016,0,1,1,0,0,0,0,0,0,0,0,0
Almost Christmas,11021,71541,42000000,112,2016,0,1,1,0,0,0,0,0,0,0,0,0
Fantastic Beasts and Where to Find Them,11993,47874,234000000,127,2016,0,0,0,1,0,0,1,0,0,0,0,0
Moana,11920,51669,248800000,113,2016,0,0,1,1,0,0,0,0,1,0,0,0
Allied,11989,66934,39800000,119,2016,1,1,0,0,1,1,0,0,0,0,1,0
Bad Santa 2,11791,44412,17700000,92,2016,0,0,1,0,0,0,0,0,0,0,0,0
Rules Don't Apply,11514,46829,3600000,121,2016,0,1,1,0,0,0,0,0,0,0,1,0
La La Land,11709,56744,151100000,128,2016,0,1,1,0,0,0,0,0,0,0,1,0
Rogue One: A Star Wars Story,11905,77859,532200000,134,2016,1,0,0,1,0,1,1,0,0,1,0,0
The Founder,11701,36830,12800000,115,2017,0,1,0,0,0,0,0,1,0,0,0,0
Sing,11720,49219,270400000,108,2016,0,0,1,0,0,0,0,0,1,0,0,0
Patriots Day,11902,47333,31800000,130,2017,0,1,0,0,1,0,0,0,0,0,0,0
A Monster Calls,11906,51763,2200000,108,2017,0,1,0,1,0,0,1,0,0,0,0,0
Blackhat,11826,53357,7800000,134,2015,1,1,0,0,1,1,0,0,0,0,0,0
The Wedding Ringer,10850,44954,64500000,101,2015,0,0,1,0,0,0,0,0,0,0,0,0
Vice,11805,47269,47800000,132,2018,0,1,1,0,0,0,0,1,0,0,0,0
The Boy Next Door,11885,57877,35400000,90,2015,0,0,0,0,1,0,0,0,0,0,0,0
Mortdecai,11329,48498,7700000,106,2015,1,0,1,1,0,1,0,0,0,0,0,0
Strange Magic,11340,41720,12400000,99,2015,0,0,1,0,0,0,1,0,1,0,0,0
Black or White,10959,59603,21600000,121,2015,0,1,0,0,0,0,0,0,0,0,0,0
Project Almanac,11253,36044,22300000,106,2015,0,0,0,0,1,0,0,0,0,1,0,0
Seventh Son,11044,62501,17200000,102,2015,1,0,0,1,0,1,1,0,0,0,0,0
The SpongeBob Movie: Sponge Out of Water,11476,45105,163400000,92,2015,0,0,1,1,0,0,0,0,1,0,0,0
Fifty Shades of Grey,11700,55012,166100000,125,2015,0,1,0,0,0,0,0,0,0,0,1,0
Kingsman: The Secret Service,11886,48559,128200000,129,2015,1,0,1,1,0,1,0,0,0,0,0,0
The DUFF,10424,57478,34000000,96,2015,0,0,1,0,0,0,0,0,0,0,1,0
The Lazarus Effect,10373,39549,25800000,83,2015,0,0,0,0,1,0,0,0,0,0,0,1
Chappie,11713,53699,31600000,120,2015,1,0,0,0,1,1,0,0,0,1,0,0
The Second Best Exotic Marigold Hotel,11725,46749,33000000,122,2015,0,1,1,0,0,0,0,0,0,0,0,0
Danny Collins,9524,47618,5500000,106,2015,0,1,1,0,0,0,0,0,0,0,0,0
The Divergent Series: Insurgent,11838,47204,130100000,118,2015,1,0,0,1,0,1,0,0,0,1,0,0
The Gunman,11539,47893,10600000,115,2015,1,0,0,0,1,1,0,0,0,0,0,0
While We're Young,10605,48240,7600000,94,2015,0,1,1,0,0,0,0,0,0,0,0,0
Furious 7,11981,49404,350800000,137,2015,1,0,0,1,1,1,0,0,0,0,0,0
Ex Machina,10858,48281,25400000,107,2015,0,1,0,0,1,0,0,0,0,1,0,0
Child 44,11496,45575,1200000,137,2015,0,0,0,0,1,0,0,0,0,0,0,0
True Story,10551,51904,4700000,104,2015,0,1,0,0,1,0,0,0,0,0,0,0
Avengers: Age of Ultron,11966,79780,459000000,141,2015,1,0,0,1,0,1,1,0,0,1,0,0
Mad Max: Fury Road,11862,60544,153600000,120,2015,1,0,0,1,0,1,0,0,0,0,0,0
Pitch Perfect 2,11561,47285,183700000,115,2015,0,0,1,0,0,0,0,0,0,0,0,0
Poltergeist,11405,38937,47300000,93,2015,0,0,0,0,1,0,0,0,0,0,0,1
Tomorrowland,11978,38369,93400000,129,2015,0,0,0,1,1,0,0,0,0,1,0,0
San Andreas,11874,44242,155200000,114,2015,1,0,0,1,1,1,0,0,0,0,0,0
Love & Mercy,9505,44739,12500000,120,2015,0,1,0,0,0,0,0,1,0,0,0,0
Jurassic World,11915,44378,652600000,124,2015,1,0,0,1,1,1,0,0,0,1,0,0
Dope,9821,55380,17500000,103,2015,0,0,1,0,0,0,0,0,0,0,0,0
Max,11418,33406,42700000,111,2015,0,1,0,1,0,0,0,0,0,0,0,0
Ted 2,11783,70718,81300000,115,2015,0,0,1,0,0,0,1,0,0,0,0,0
Terminator Genisys,11836,46602,89800000,126,2015,1,0,0,0,0,1,0,0,0,1,0,0
Magic Mike XXL,6350,44729,66000000,115,2015,0,1,1,0,0,0,0,0,0,0,0,0
Minions,11982,47655,336000000,91,2015,0,0,1,1,0,0,0,0,1,0,0,0
Ant-Man,11919,48020,180200000,117,2015,1,0,1,1,0,1,1,0,0,0,0,0
Mr. Holmes,11968,51467,17700000,105,2015,0,1,0,0,1,0,0,0,0,0,0,0
Pixels,11985,48528,78700000,106,2015,1,0,1,1,0,1,1,0,0,1,0,0
Southpaw,11880,40318,52400000,123,2015,0,1,0,0,0,0,0,0,0,0,0,0
Paper Towns,10929,50679,31900000,109,2015,0,1,1,1,1,0,0,0,0,0,0,0
The Gift,10761,55289,43800000,108,2015,0,0,0,0,1,0,0,0,0,0,0,0
Ricki and the Flash,11739,44219,26800000,100,2015,0,1,1,0,0,0,0,0,0,0,0,0
Straight Outta Compton,11951,56913,161000000,147,2015,0,1,0,0,0,0,0,1,0,0,0,0
She's Funny That Way,11236,43969,10640000,93,2015,0,0,1,0,0,0,0,0,0,0,1,0
Hitman: Agent 47,10864,48428,22400000,96,2015,1,0,0,1,0,1,0,0,0,0,0,0
Before We Go,5347,35766,3700000,95,2015,0,1,1,0,0,0,0,0,0,0,1,0
The Visit,11971,42658,65100000,94,2015,0,0,1,0,1,0,0,0,0,0,0,1
The Perfect Guy,10654,43526,57000000,100,2015,0,0,0,0,1,0,0,0,0,0,0,0
Sicario,11830,63241,46900000,121,2015,0,1,0,0,1,0,0,0,0,0,0,0
99 Homes,7592,50879,1400000,110,2015,0,1,0,0,0,0,0,0,0,0,0,0
The Intern,11877,61729,75600000,121,2015,0,1,1,0,0,0,0,0,0,0,0,0
Stonewall,11984,45236,18640000,129,2015,0,1,0,0,0,0,0,0,0,0,0,0
Mississippi Grind,11843,38026,12970000,108,2015,0,1,0,0,0,0,0,0,0,0,0,0
The Walk,11989,58784,10100000,124,2015,0,1,0,1,0,0,0,1,0,0,0,0
The Martian,11986,74305,228400000,142,2015,0,1,0,1,0,0,0,0,0,1,0,0
Steve Jobs,11812,46002,17800000,121,2015,0,1,0,0,0,0,0,1,0,0,0,0
Pan,11754,47191,35100000,111,2015,1,0,0,1,0,1,1,0,1,0,0,0
Knock Knock,11565,48813,3400000,99,2015,0,0,0,0,1,0,0,0,0,0,0,0
Bridge of Spies,11999,62048,72300000,141,2015,0,1,0,0,1,0,0,0,0,0,0,0
Crimson Peak,11853,61731,31100000,119,2015,0,0,0,0,1,0,0,0,0,0,1,1
Goosebumps,11913,60710,80100000,103,2015,0,0,1,1,0,0,1,0,0,0,0,0
Room,10369,46672,14700000,118,2016,0,1,0,0,0,0,0,0,0,0,0,0
Rock the Kasbah,11879,66670,3000000,106,2015,0,0,1,0,0,0,0,0,0,0,0,0
Paranormal Activity: The Ghost Dimension,10974,40476,18300000,88,2015,0,0,0,0,1,0,0,0,0,0,0,1
Jem and the Holograms,11891,34535,2000000,118,2015,0,1,0,0,0,0,0,0,0,0,0,0
The Last Witch Hunter,11470,50696,27400000,106,2015,1,0,0,1,0,1,1,0,0,0,0,0
Suffragette,10401,63819,4700000,106,2015,0,1,0,0,0,0,0,1,0,0,0,0
I Smile Back,2534,41491,5770000,85,2015,0,1,0,0,0,0,0,0,0,0,0,0
Scouts Guide to the Zombie Apocalypse,11477,39190,3700000,93,2015,0,0,1,0,0,0,0,0,0,0,0,1
Our Brand Is Crisis,11698,35892,7000000,108,2015,0,0,1,0,0,0,0,0,0,0,0,0
Burnt,10946,63253,13700000,100,2015,0,1,0,0,0,0,0,0,0,0,0,0
Brooklyn,10859,45097,38300000,112,2015,0,1,0,0,0,0,0,0,0,0,1,0
Spectre,11970,73949,200100000,148,2015,1,0,0,1,1,1,0,0,0,0,0,0
Spotlight,11204,43576,45000000,128,2015,0,1,0,0,0,0,0,0,0,0,0,0
The 33,11034,45524,12000000,125,2015,0,1,0,0,0,0,0,0,0,0,0,0
My All American,7433,36619,2200000,118,2015,0,1,0,0,0,0,0,1,0,0,0,0
Creed,11897,48876,109700000,133,2015,0,1,0,0,0,0,0,0,0,0,0,0
In the Heart of the Sea,11987,45316,23100000,116,2015,1,1,0,1,0,1,0,0,0,0,0,0
The Big Short,11805,49283,70200000,130,2015,0,1,1,0,0,0,0,0,0,0,0,0
Star Wars: The Force Awakens,11991,49709,123,136,2015,1,0,0,1,0,1,1,0,0,1,0,0
Concussion,10574,38735,33800000,121,2015,0,1,0,0,0,0,0,1,0,0,0,0
Daddy's Home,11736,66461,150300000,96,2015,0,0,1,0,0,0,0,0,0,0,0,0
The Hateful Eight,11936,70112,54100000,168,2015,0,0,0,0,0,0,0,0,0,0,0,0
